########################Celestia Countries#######################;;;;;;;x,,,,,,,,,,,,,,,,
OLE;Kingdom of Olenia;;x
OLE_ADJ;Olenian;;x
EQS;Equestria;;x
EQS_ADJ;Equestrian;;x   
YAK;Yakyakistan;;x
YAK_ADJ;Yak;;x
BUF;Buffalo Chiefdom;;x
BUF_ADJ;Buffalo;;x
TRS;Trotsas;;x
TRS_ADJ;Trotsas;;x
PLB;Polar Bear Communities;;x
PLB;Polar Bear;;x
PNG;Kingdom of Pingland;;x
PNG_ADJ;Penguin;;x
GRF;Nova Griffonia;;x
GRF_ADJ;Nova Griffin;;x
SEV;Tsardom of Severyana;;x
SEV_ADJ;Severyana;;x
EQC;New Mareland;;x
EQC;Marelander;;x
VES;Vesalipolis;;x
VES_ADJ;Vesalipolis;;x
VRA;Vraks;;x
VRA_ADJ;Vraks;;x
DIT;Ditrysium;;x
DIT_ADJ;Ditrysium;;x
SOR;Soryth;;x
SOR_ADJ;Soryth;;x
LYC;Lyctida;;x
LYC_ADJ;Lyctida;;x
ANT;Antax;;x
ANT_ADJ;Antax;;x
ASS;Assyna;;x
ASS_ADJ;Assyna;;x
CRU;Crucis;;x
CRU_ADJ;Crucis;;x
VLI;Volistad;;x
VLI_ADJ;Volistad;;x
ROZ;Rozenkrantz;;x
ROZ_ADJ;Rozenkrantz;;x
SVA;Svartpels;;x
SVA_ADJ;Svartpel;;x
VLS;Volsungr;;x
VLS_ADJ;Volsungr;;x
WES;The Triple Alliance;;x
WES_ADJ;Wesslandic;;x
SCY;Scyfling;;x
SCY_ADJ;Scyfling;;x
WNG;Kingdom of Wingbardy;;x
WNG_ADJ;Wingbardian;;x
CLD;Duchy of Cloudbury;;x
CLD_ADJ;Cloudburian;;x
FRM;Francistria;;x
FRM_ADJ;Francistrian;;x
FAL;Falcorian Queendom;;x
FAL_ADJ;Falcorian;;x
GRI;Griffonian Empire;;x
GRI_ADJ;Griffon;;x
AQU;Kingdom of Aquileia;;x
AQU_ADJ;Aquileian;;x
TAL;Talouse;;x
TAL_ADJ;Talousian;;x
RMA;Romau;;x
RMA_ADJ;Romau;;x
FLO;Flowena;;x
FLO_ADJ;Flowenan;;x
KLO;Kloberg;;x
KLO_ADJ;Kloberg;;x
ARG;Arantiga;;x
ARG_ADJ;Arantigan;;x
ARC;Arcturian Order;;x
ARC_ADJ;Arcturian;;x
LAK;Rumare;;x
LAK_ADJ;Rumare;;x
VED;Kingdom of Vedina;;x
VED_ADJ;Vedina;;x
VER;Verenia;;x
VER_ADJ;Verenian;;x
FEA;Grand Duchy of Feathisia;;x
FEA_ADJ;Feathisian;;x
BOI;Griffonstone;;x
BOI_ADJ;Griffonstonian;;x
SKY;Skyfall;;x
SKY;Skyfall;;x
GTO;Griffton;;x
GTO_ADJ;Griffton;;x
VLE;Vleugeland;;x
VLE_ADJ;Vleugelander;;x
PYT;Greifenmarschen;;x
PYT_ADJ;Greifenmarsian;;x
TAR;Tarrin;;x
TAR_ADJ;Tarrin;;x
POM;Pomovarra;;x
POM_ADJ;Pomouvareg;;x
GRW;Greifwald;;x
GRW_ADJ;Greifwald;;x
FEZ;Fezera;;x
FEZ_ADJ;Fezera;;x
DED;The Dread League;;x
DED_ADJ;Necromancer;;x
NTR;Northern Tribes;;x
NTR_ADJ;Snowpony;;x
RMA;Romau;;x
RMA_ADJ;Romau;;x
SCE;Parishes of Sicameon;;x
SCE_ADJ;Sicameon;;x
BLH;Blackhollow;;x
BLH_ADJ;Blackhollower;;x
CYA;Cyanolisia;;x
CYA_ADJ;Cyanolisian;;x
BRO;Brodfeld;;x
BRO_ADJ;Brodfeldian;;x
MIT;Asterion;;x
MIT_ADJ;Asterionese;;x
LUS;Lushi;;x
LUS_ADJ;Lushian;;x
GRY;Gryphian Host;;x
GRY_ADJ;Gryphian;;x
GRU;Gryphus;;x
GRU_ADJ;Gryphussian;;x
ZES;Kása;;x
ZES_ADJ;Kásan;;x
WIT;Wittenland;;x
WIT_ADJ;Wittenlandic;;x
NIM;Nimbusia;;x
NIM_ADJ;Nimbusian;;x
OLV;Austurland;;x
OLV_ADJ;Austurlandic;;x
FRE;Pònaidhean;;x
FRE_ADJ;Pònaidh;;x
RCT;River Republic;;x
RCT_ADJ;Rijekan;;x
LCT;Lake City;;x
LCT_ADJ;Lakeish;;x
DEP;Deponya;;x
DEP_ADJ;Deponian;;x
LNS;Longsword;;x
LNS_ADJ;Longswordian;;x
HLQ;Ordensstaat Hellquill;;x
HLQ_ADJ;Hellquillian;;x
DMT;Diamond Mountain;;x
DMT_ADJ;Diamond Dog;;x
BAK;Bakaran;;x
BAK_ADJ;Bakaran;;x
FIR;Firtree;;x
FIR_ADJ;Firtree;;x
FBK;Farbrook;;x
FBK_ADJ;Hillpony;;x
WAT;Watertowns;;x
WAT_ADJ;Watertowner;;x
NCH;Greneclyf;;x
NCH_ADJ;Greneclyfian;;x
KIV;Kivessin;;x
KIV_ADJ;Kivessin;;x
SYD;Sydia;;x
SYD_ADJ;Sydian;;x
DRG;Dragon Lands;;x
DRG_ADJ;Draconian;;x
OPN;Order of Opinicus;;x
OPN_ADJ;Opinicus;;x
GSG;Gryphus Südkontinent-Gesellschaft;;x
GSG_ADJ;Gesellschaft;;x
GR1;Viartorre;;x
GR1_ADJ;Viartorre;;x
GR2;Pythagorea;;x
GR2_ADJ;Pythagorea;;x
GR3;Colegio;;x
GR3_ADJ;Colegio;;x
ROS;Rosensverd;;x
ROS_ADJ;Rosensverd;;x
HAY;Hayshar;;x
HAY_ADJ;Hayshari;;x
SLL;Trotgaron;;x
SLL_ADJ;Trotgarian;;x
CST;Canterstin;;x
CST_ADJ;Canterstinian;;x
MCW;Macawia;;x
MCW_ADJ;Macawian;;x
SDL;Saddle Arabia;;x
SDL_ADJ;Saddle Arabian;;x
MAZ;Imperial Mazwi;;x
MAZ_AJD;Mazwi;;x
AUS;Asstyria;;x
AUS_ADJ;Asstyrian;;x
SUM;Anseruk;;x
SUM_ADJ;Anseruk;;x
ABY;Abyssinia;;x
ABY_ADJ;Abyssinian;;x
MAG;Maregypt;;x
MAG_ADJ;Maregyptian;;;x
CHI;Chiropterra;;x
CHI_ADJ;Chiropterran;;x
MTO;Maretonia;;x
MTO_ADJ;Maretonian;;x
AES;Aestlonia;;x
AES_ADJ;Aestlonian;;x
OSQ;Osqat;;x
OSQ_ADJ;Osqat;;x
HMR;Haymar;;x
HMR_ADJ;Haymirite;;x
MAR;Maretania;;x
MAR_ADJ;Maretanian;;x
WAR;Warzena;;x
WAR_ADJ;Warzenan;;x
ZUM;Zumidia;;x
ZUM_ADJ;Zumidian;;x
YEM;Yemane;;x
YEM_ADJ;Yemanian;;x
ZEL;Gelon-Zornu;;x
ZEL_ADJ;Zornu;;x
HYE;Queendom of Hyenia;;x
HYE_ADJ;Hyena;;x
CEN;Senturya;;x
CEN_ADJ;Centuar;;x
GAR;Gargiloya;;x
GAR_ADJ;Gargoyle;;x
TWI;Twizanyika;;x
TWI_ADJ;Giraffe;;x
CAM;Camelkand;;x
CAM_ADJ;Camel;;x
ROA;Roaman Kaiserate;;x
ROA_ADJ;Roaman;;x
TSV;Talonsvaal Republiek;;x
TSV_ADJ;Talonsvaal;;x
GFS;Vrystaat;;x
GFS_ADJ;Vrystaat;;x
ZBL;Zeblu;;x
ZBL_ADJ;Zeblu;;x
ZOO;Kingdom of Zongo;;x
ZOO_ADJ;Zongo;;x
TAI;Tanaigha;;x
TAI_ADJ;Tanaighan;;x
MEL;Melahaka;;x
MEL_ADJ;Melahakan;;x
MQA;Sambovato;;x
MQA_ADJ;Sambovato;;x
IST;Maglibing;;x
IST_ADJ;Maglibingian;;x
DEL;Talarayi;;x
DEL_ADJ;Talarayian;;x
LOT;Lotus Kingdom;;x
LOT_ADJ;Senkinese;;x
HIP;Hippogriffia;;x
HIP_ADJ;Hippogriff;;x
CLT;Colthage;;x
CLT_ADJ;Colthaginian;;x
QUA;Quaggatai;;x
QUA_ADJ;Quagga;;x
BKH;Buckhara;;x
BKH_ADJ;Buckharan;;x
MAE;Manedalusia;;x
MAE_ADJ;Manedalusian;;x
HRV;Uusi Hirvimaa;;x
HRV_ADJ;Hirvimaaian;;x
CTL;Chital Yarldom;;x
CTL_ADJ;Chitali;;x
SAM;Sambar;;x
SAM_ADJ;Sambari;;x
KIR;Kiria;;;x
KIR_ADJ;Kirian;;x
GAZ;Taungpau;;x
GAZ_ADJ;Taungpau;;x
LMB;Llambet;;x
LMB_ADJ;Llambetan;;x
KLG;Klugetown;;x
KLG_ADJ;Klugetowner;;x
MOZ;Mozzi;;x
MOZ_ADJ;Mozzian;;x
REE;Re'em;;x
REE_ADJ;Re'emite;;x
IDO;Naugdaw;;x
IDO_ADJ;Nagudawian;;x
KXN;Lan Kir;;x
KXN_ADJ;Lan Kir;;x
KHM;Khamrin;;x
KHM_ADJ;Khamrin;;x
BLO;Blossom;;;x
BLO_ADJ;Senkinese;;x
COG;Cogon;;x
COG_ADJ;Senkinese;;x
TAN;Tannin;;x
TAN_ADJ;Senkinese;;x
TCC;Tacca;;x
TCC_ADJ;Senkinese;;x
HAF;Hai Font;;x
HAF_ADJ;Senkinese;;x
FUR;Fureshapur;;x
FUR_ADJ;Fureshapurian;;x
DLH;Doelhi;;x
DLH_ADJ;Doelhi;;x
DER;Deerwar;;x
DER_ADJ;Deerwari;;x
HAR;Hart;;x
HAR_ADJ;Harti;;x
ALH;Antlahore;;x
ALH_ADJ;Antlahori;;x
STK;Stagataka;;x
STK_ADJ;Stagatakan;;x
KA1;Jamirids;;x
KA1_ADJ;Jamiri;;x
KA2;Sayyarids;;x
KA2_ADJ;Sayyari;;x
KA3;Qazmani;;x
KA3_ADJ;Qazmani;;x
KA4;Karkhaemenids;;x
KA4_ADJ;Karkhaemeni;;x
KA5;Jogatarri;;x
KA5_ADJ;Jogatarri;;x
KA6;Buckluchi;;x
KA6_ADJ;Buckluchi;;x
MZM;Mzizima;;x
MZM_ADJ;Mziziman;;x
MUN;Munmane;;x
MUN_ADJ;Munmaneigh;;x
NYA;Nyambori;;x
NYA_ADJ;Nyambori;;x
ZUN;Zund;;x
ZUN_ADJ;Zundi;;x
UMB;Umbasi;;x
UMB_ADJ;Umbasi;;x