#Equus;;;;;;;;;;;;;;x
#############################################;;;;;;;;;;;;;;x
PROV1434;Canterlot;;;;;;;;;;;;;;;;;;;;;;;;;;;
PROV470;Canterlot Foothills;;;;;;;;;;;;;;;;;;;;;;;;;;;
PROV442;Ponyville;;;;;;;;;;;;;;;;;;;;;;;;;;;
PROV624;Everfree Forest;;;;;;;;;;;;;;;;;;;;;;;;;;;
PROV860;Eastern Pegasus Range;;;;;;;;;;;;;;;;;;;;;;;;;;;
PROV390;Western Pegasus Range;;;;;;;;;;;;;;;;;;;;;;;;;;;
PROV360;Pegasus Pass;;;;;;;;;;;;;;;;;;;;;;;;;;;
PROV437;Canterlot Pass;;;;;;;;;;;;;;;;;;;;;;;;;;;
PROV499;Foal Mountain;;;;;;;;;;;;;;;;;;;;;;;;;;;
PROV457;Canterlot Suburbs;;;;;;;;;;;;;;;;;;;;;;;;;;;
PROV1587;Eastern Foal Mountain;;;;;;;;;;;;;;;;;;;;;;;;;;;
PROV498;Rockridge;;;;;;;;;;;;;;;;;;;;;;;;;;;
PROV431;Ponyville Plains;;;;;;;;;;;;;;;;;;;;;;;;;;;
PROV507;Rambling Rock Ridge;;;;;;;;;;;;;;;;;;;;;;;;;;;
PROV453;Froggy Bottom Bogg;;;;;;;;;;;;;;;;;;;;;;;;;;;
PROV334;Dragon Mountain;;;;;;;;;;;;;;;;;;;;;;;;;;;
PROV307;Ruby Mountain;;;;;;;;;;;;;;;;;;;;;;;;;;;
PROV254;Smokey Mountain;;;;;;;;;;;;;;;;;;;;;;;;;;;
PROV404;Cloudsdale;;;;;;;;;;;;;;;;;;;;;;;;;;;
PROV644;Baltimare;;;;;;;;;;;;;;;;;;;;;;;;;;;
PROV596;Fillydelphia;;;;;;;;;;;;;;;;;;;;;;;;;;;
PROV716;Manehattan;;;;;;;;;;;;;;;;;;;;;;;;;;;
PROV785;Albion;;;;;;;;;;;;;;;;;;;;;;;;;;;
PROV760;Horseleans;;;;;;;;;;;;;;;;;;;;;;;;;;;
PROV194;Vanhoover;;;;;;;;;;;;;;;;;;;;;;;;;;;
PROV230;Salt Lick City;;;;;;;;;;;;;;;;;;;;;;;;;;;
PROV1209;Acadia Bay;;;;;;;;;;;;;;;;;;;;;;;;;;;
PROV180;Acadia Peninsula;;;;;;;;;;;;;;;;;;;;;;;;;;;
PROV172;Seaward Shoals;;;;;;;;;;;;;;;;;;;;;;;;;;;
PROV181;Tall Tale;;;;;;;;;;;;;;;;;;;;;;;;;;;
PROV227;Woodsville;;;;;;;;;;;;;;;;;;;;;;;;;;;
PROV191;Prancisco;;;;;;;;;;;;;;;;;;;;;;;;;;;
PROV277;Las Pegasus;;;;;;;;;;;;;;;;;;;;;;;;;;;
PROV575;New Horseleans;;;;;;;;;;;;;;;;;;;;;;;;;;;
PROV491;Mareway;;;;;;;;;;;;;;;;;;;;;;;;;;;
PROV564;Sunny Shoals;;;;;;;;;;;;;;;;;;;;;;;;;;;
PROV400;Summerdale;;;;;;;;;;;;;;;;;;;;;;;;;;;
PROV387;Ghastly Gorge;;;;;;;;;;;;;;;;;;;;;;;;;;;
PROV376;Ponydale;;;;;;;;;;;;;;;;;;;;;;;;;;;
PROV430;Moolins;;;;;;;;;;;;;;;;;;;;;;;;;;;
PROV401;Airras;;;;;;;;;;;;;;;;;;;;;;;;;;;
PROV474;Unicoruna;;;;;;;;;;;;;;;;;;;;;;;;;;;
PROV381;Maarestricht;;;;;;;;;;;;;;;;;;;;;;;;;;;
PROV424;Reignnes;;;;;;;;;;;;;;;;;;;;;;;;;;;
PROV477;Castle of the Two Sisters;;;;;;;;;;;;;;;;;;;;;;;;;;;
PROV321;Orshab;;;;;;;;;;;;;;;;;;;;;;;;;;;
PROV349;Ponderosa;;;;;;;;;;;;;;;;;;;;;;;;;;;
PROV369;Trotland;;;;;;;;;;;;;;;;;;;;;;;;;;;
PROV407;Trotgaron;;;;;;;;;;;;;;;;;;;;;;;;;;;
PROV455;Buckcastle;;;;;;;;;;;;;;;;;;;;;;;;;;;
PROV416;Boring;;;;;;;;;;;;;;;;;;;;;;;;;;;
PROV389;Hoof City;;;;;;;;;;;;;;;;;;;;;;;;;;;
PROV495;Marecelona;;;;;;;;;;;;;;;;;;;;;;;;;;;
PROV536;Neighton;;;;;;;;;;;;;;;;;;;;;;;;;;;
PROV613;Clear Skies;;;;;;;;;;;;;;;;;;;;;;;;;;;
PROV686;Bronclyn;;;;;;;;;;;;;;;;;;;;;;;;;;;
PROV655;Bridlepolis;;;;;;;;;;;;;;;;;;;;;;;;;;;
PROV637;Friesville;;;;;;;;;;;;;;;;;;;;;;;;;;;
PROV661;Stratusburg;;;;;;;;;;;;;;;;;;;;;;;;;;;
PROV689;Detrot;;;;;;;;;;;;;;;;;;;;;;;;;;;
PROV654;Cumulus;;;;;;;;;;;;;;;;;;;;;;;;;;;
PROV658;Horswaii;;;;;;;;;;;;;;;;;;;;;;;;;;;
PROV475;Bitterberry;;;;;;;;;;;;;;;;;;;;;;;;;;;
PROV510;Bales;;;;;;;;;;;;;;;;;;;;;;;;;;;
PROV549;Hollow Shades;;;;;;;;;;;;;;;;;;;;;;;;;;;
PROV520;Manesbury;;;;;;;;;;;;;;;;;;;;;;;;;;;
PROV584;Trotterfield;;;;;;;;;;;;;;;;;;;;;;;;;;;
PROV615;Flower Wreath;;;;;;;;;;;;;;;;;;;;;;;;;;;
PROV482;Boulderton;;;;;;;;;;;;;;;;;;;;;;;;;;;
PROV446;Umberfoal;;;;;;;;;;;;;;;;;;;;;;;;;;;
PROV443;Whinnyapolis;;;;;;;;;;;;;;;;;;;;;;;;;;;
PROV426;St Foal;;;;;;;;;;;;;;;;;;;;;;;;;;;
PROV405;Manekato;;;;;;;;;;;;;;;;;;;;;;;;;;;
PROV361;Oleander;;;;;;;;;;;;;;;;;;;;;;;;;;;
PROV394;Hope Hollow;;;;;;;;;;;;;;;;;;;;;;;;;;;
PROV375;Blackthorn;;;;;;;;;;;;;;;;;;;;;;;;;;;
PROV358;Crystalville;;;;;;;;;;;;;;;;;;;;;;;;;;;
PROV343;Chicoltgo;;;;;;;;;;;;;;;;;;;;;;;;;;;
PROV240;Unicorn Range;;;;;;;;;;;;;;;;;;;;;;;;;;;
PROV269;Pine Creek;;;;;;;;;;;;;;;;;;;;;;;;;;;
PROV280;Neighcastle-upon-Thyme;;;;;;;;;;;;;;;;;;;;;;;;;;;
PROV312;Mareposa;;;;;;;;;;;;;;;;;;;;;;;;;;;
PROV308;Marechester;;;;;;;;;;;;;;;;;;;;;;;;;;;
PROV331;Honeycomb Grove;;;;;;;;;;;;;;;;;;;;;;;;;;;
PROV265;Whitebell;;;;;;;;;;;;;;;;;;;;;;;;;;;
PROV322;Diamondflake;;;;;;;;;;;;;;;;;;;;;;;;;;;
PROV165;Vaverfront;;;;;;;;;;;;;;;;;;;;;;;;;;;
PROV197;Seaddle;;;;;;;;;;;;;;;;;;;;;;;;;;;
PROV220;Hemelytra;;;;;;;;;;;;;;;;;;;;;;;;;;;
PROV291;Cirruspolis;;;;;;;;;;;;;;;;;;;;;;;;;;;
PROV242;Mead Resort;;;;;;;;;;;;;;;;;;;;;;;;;;;
PROV273;Raspberry Grove;;;;;;;;;;;;;;;;;;;;;;;;;;;
PROV219;Ponydena;;;;;;;;;;;;;;;;;;;;;;;;;;;
PROV328;Peachville;;;;;;;;;;;;;;;;;;;;;;;;;;;
PROV533;Hayseed Junction;;;;;;;;;;;;;;;;;;;;;;;;;;;
PROV652;Dappleshore;;;;;;;;;;;;;;;;;;;;;;;;;;;
PROV590;Plottsburgh;;;;;;;;;;;;;;;;;;;;;;;;;;;
PROV667;Saltlickingham;;;;;;;;;;;;;;;;;;;;;;;;;;;
PROV633;Zazquiyahuitl;;;;;;;;;;;;;;;;;;;;;;;;;;;
PROV634;Tonaltzintli;;;;;;;;;;;;;;;;;;;;;;;;;;;
PROV643;Ixtapan;;;;;;;;;;;;;;;;;;;;;;;;;;;
PROV641;Saltmane;;;;;;;;;;;;;;;;;;;;;;;;;;;
PROV620;Tenochtitlan;;;;;;;;;;;;;;;;;;;;;;;;;;;
PROV582;Mareidian;;;;;;;;;;;;;;;;;;;;;;;;;;;
PROV562;Cuetzpallitzli;;;;;;;;;;;;;;;;;;;;;;;;;;;
PROV538;Chinamitl;;;;;;;;;;;;;;;;;;;;;;;;;;;
PROV649;Southpoint;;;;;;;;;;;;;;;;;;;;;;;;;;;
PROV677;Spa Islands;;;;;;;;;;;;;;;;;;;;;;;;;;;
PROV805;Smaug Island;;;;;;;;;;;;;;;;;;;;;;;;;;;
PROV772;The Mountain;;;;;;;;;;;;;;;;;;;;;;;;;;;
PROV781;Dovashore;;;;;;;;;;;;;;;;;;;;;;;;;;;
PROV794;Spiky North;;;;;;;;;;;;;;;;;;;;;;;;;;;
PROV737;Charcoal Woods;;;;;;;;;;;;;;;;;;;;;;;;;;;
PROV831;Eastward Islands;;;;;;;;;;;;;;;;;;;;;;;;;;;
PROV698;Summer Isles;;;;;;;;;;;;;;;;;;;;;;;;;;;
PROV550;Puerto Caballo;;;;;;;;;;;;;;;;;;;;;;;;;;;
PROV514;Luna de Compostela;;;;;;;;;;;;;;;;;;;;;;;;;;;
PROV535;Matrotanzas;;;;;;;;;;;;;;;;;;;;;;;;;;;
PROV486;Hayvana;;;;;;;;;;;;;;;;;;;;;;;;;;;
PROV556;Guantanamoo;;;;;;;;;;;;;;;;;;;;;;;;;;;
PROV441;Sire's Hollow;;;;;;;;;;;;;;;;;;;;;;;;;;;
PROV834;Trottingham;;;;;;;;;;;;;;;;;;;;;;;;;;;
PROV830;Somland;;;;;;;;;;;;;;;;;;;;;;;;;;;
PROV521;Neighagra Falls;;;;;;;;;;;;;;;;;;;;;;;;;;;
PROV174;San Pose;;;;;;;;;;;;;;;;;;;;;;;;;;;
PROV229;Sacramaneto;;;;;;;;;;;;;;;;;;;;;;;;;;;
PROV175;Stockyardston;;;;;;;;;;;;;;;;;;;;;;;;;;;
PROV202;Oregano;;;;;;;;;;;;;;;;;;;;;;;;;;;
PROV209;Hayser Valley;;;;;;;;;;;;;;;;;;;;;;;;;;;
PROV204;Barnaby;;;;;;;;;;;;;;;;;;;;;;;;;;;
PROV221;Cowquitlam;;;;;;;;;;;;;;;;;;;;;;;;;;;
PROV250;Acornage;;;;;;;;;;;;;;;;;;;;;;;;;;;
PROV234;Edmaneton;;;;;;;;;;;;;;;;;;;;;;;;;;;
PROV215;Fairflanks;;;;;;;;;;;;;;;;;;;;;;;;;;;
PROV231;Wrangle;;;;;;;;;;;;;;;;;;;;;;;;;;;
PROV262;Coldiak;;;;;;;;;;;;;;;;;;;;;;;;;;;
PROV272;Burrow;;;;;;;;;;;;;;;;;;;;;;;;;;;
PROV300;Steward;;;;;;;;;;;;;;;;;;;;;;;;;;;
PROV290;Lethbridle;;;;;;;;;;;;;;;;;;;;;;;;;;;
PROV303;Chestermare;;;;;;;;;;;;;;;;;;;;;;;;;;;
PROV418;Whinnetonka;;;;;;;;;;;;;;;;;;;;;;;;;;;
PROV396;Mooluth;;;;;;;;;;;;;;;;;;;;;;;;;;;
PROV392;Marehead;;;;;;;;;;;;;;;;;;;;;;;;;;;
PROV435;Green Hay;;;;;;;;;;;;;;;;;;;;;;;;;;;
PROV456;Braycine;;;;;;;;;;;;;;;;;;;;;;;;;;;
PROV467;Alicorn Arbor;;;;;;;;;;;;;;;;;;;;;;;;;;;
PROV462;Deerborn;;;;;;;;;;;;;;;;;;;;;;;;;;;
PROV496;Milwaucolt;;;;;;;;;;;;;;;;;;;;;;;;;;;
PROV783;St Petershoof;;;;;;;;;;;;;;;;;;;;;;;;;;;
PROV819;Mirazh;;;;;;;;;;;;;;;;;;;;;;;;;;;
PROV797;Ravenskoye;;;;;;;;;;;;;;;;;;;;;;;;;;;
PROV764;Zvezdopadovo;;;;;;;;;;;;;;;;;;;;;;;;;;;
PROV786;Serevnaya Derevnya;;;;;;;;;;;;;;;;;;;;;;;;;;;
PROV741;Krasivsk;;;;;;;;;;;;;;;;;;;;;;;;;;;
PROV715;Town With No Name;;;;;;;;;;;;;;;;;;;;;;;;;;;
PROV699;Sovyenok;;;;;;;;;;;;;;;;;;;;;;;;;;;
PROV717;Zlatrotsvet;;;;;;;;;;;;;;;;;;;;;;;;;;;
PROV669;Zayatsk;;;;;;;;;;;;;;;;;;;;;;;;;;;
PROV648;Ponygrad;;;;;;;;;;;;;;;;;;;;;;;;;;;
PROV693;Princessyn;;;;;;;;;;;;;;;;;;;;;;;;;;;
PROV762;Stavropon;;;;;;;;;;;;;;;;;;;;;;;;;;;
PROV714;Loshadsk;;;;;;;;;;;;;;;;;;;;;;;;;;;
PROV697;Krupochkino;;;;;;;;;;;;;;;;;;;;;;;;;;;
PROV682;Novochernushsk;;;;;;;;;;;;;;;;;;;;;;;;;;;
PROV621;Baicall;;;;;;;;;;;;;;;;;;;;;;;;;;;
PROV625;Trotsylvania;;;;;;;;;;;;;;;;;;;;;;;;;;;
PROV776;Lesnoye;;;;;;;;;;;;;;;;;;;;;;;;;;;
PROV726;Mythica;;;;;;;;;;;;;;;;;;;;;;;;;;;
PROV713;Kobilkyno;;;;;;;;;;;;;;;;;;;;;;;;;;;
PROV745;Bordo;;;;;;;;;;;;;;;;;;;;;;;;;;;
PROV733;Redheart;;;;;;;;;;;;;;;;;;;;;;;;;;;
PROV664;Hoofbeat;;;;;;;;;;;;;;;;;;;;;;;;;;;
PROV612;Alicorntown;;;;;;;;;;;;;;;;;;;;;;;;;;;
PROV533;Scamperton;;;;;;;;;;;;;;;;;;;;;;;;;;;
PROV597;Sugarcuse;;;;;;;;;;;;;;;;;;;;;;;;;;;
PROV695;Ponkers;;;;;;;;;;;;;;;;;;;;;;;;;;;
PROV725;Neighwark;;;;;;;;;;;;;;;;;;;;;;;;;;;
PROV687;Horstead;;;;;;;;;;;;;;;;;;;;;;;;;;;
PROV653;Germanetown;;;;;;;;;;;;;;;;;;;;;;;;;;;
PROV630;Horseham;;;;;;;;;;;;;;;;;;;;;;;;;;;
PROV827;Harness;;;;;;;;;;;;;;;;;;;;;;;;;;;
PROV845;Canterbury;;;;;;;;;;;;;;;;;;;;;;;;;;;
PROV856;Poniesborough;;;;;;;;;;;;;;;;;;;;;;;;;;;
PROV820;Oatney;;;;;;;;;;;;;;;;;;;;;;;;;;;
PROV232;Foal Plain;;;;;;;;;;;;;;;;;;;;;;;;;;;
PROV283;Sheffoald;;;;;;;;;;;;;;;;;;;;;;;;;;;
PROV249;Haykersfield;;;;;;;;;;;;;;;;;;;;;;;;;;;
PROV237;Jamtown;;;;;;;;;;;;;;;;;;;;;;;;;;;
PROV208;Foaledo;;;;;;;;;;;;;;;;;;;;;;;;;;;
PROV162;Hayston;;;;;;;;;;;;;;;;;;;;;;;;;;;
PROV171;San Manetonia;;;;;;;;;;;;;;;;;;;;;;;;;;;
PROV199;Horston;;;;;;;;;;;;;;;;;;;;;;;;;;;
PROV1997;Canter Creek;;;;;;;;;;;;;;;;;;;;;;;;;;;
PROV325;Fort Mourn;;;;;;;;;;;;;;;;;;;;;;;;;;;
PROV296:Fort Sorrow;;;;;;;;;;;;;;;;;;;;;;;;;;;
PROV353;Rosemarein;;;;;;;;;;;;;;;;;;;;;;;;;;;
PROV306;Pinto Creek;;;;;;;;;;;;;;;;;;;;;;;;;;;
PROV204;Rockville;;;;;;;;;;;;;;;;;;;;;;;;;;;
PROV363;Dodge City;;;;;;;;;;;;;;;;;;;;;;;;;;;
PROV315;Appleoosa;;;;;;;;;;;;;;;;;;;;;;;;;;;
PROV386;Hoofington;;;;;;;;;;;;;;;;;;;;;;;;;;;
PROV422;Gallopfrey;;;;;;;;;;;;;;;;;;;;;;;;;;;
PROV463;Huggington;;;;;;;;;;;;;;;;;;;;;;;;;;;
PROV417;Stableside;;;;;;;;;;;;;;;;;;;;;;;;;;;
PROV402;Comet Cape;;;;;;;;;;;;;;;;;;;;;;;;;;;
PROV471;Portland;;;;;;;;;;;;;;;;;;;;;;;;;;;
PROV434;Warm Waters;;;;;;;;;;;;;;;;;;;;;;;;;;;
PROV493;Ayacatchtli;;;;;;;;;;;;;;;;;;;;;;;;;;;
PROV142;Kuuvaloranta;;;;;;;;;;;;;;;;;;;;;;;;;;;
PROV138;Svenholm;;;;;;;;;;;;;;;;;;;;;;;;;;;
PROV124;Heina;;;;;;;;;;;;;;;;;;;;;;;;;;;
PROV114;Manty Creek;;;;;;;;;;;;;;;;;;;;;;;;;;;
PROV113;Hovenhamn;;;;;;;;;;;;;;;;;;;;;;;;;;;
PROV99;Snowflinga;;;;;;;;;;;;;;;;;;;;;;;;;;;
PROV86;Algstad;;;;;;;;;;;;;;;;;;;;;;;;;;;
PROV80;Endrakt;;;;;;;;;;;;;;;;;;;;;;;;;;;
PROV103;Hjortland;;;;;;;;;;;;;;;;;;;;;;;;;;;
PROV69;Cervus;;;;;;;;;;;;;;;;;;;;;;;;;;;
PROV60;Equadoe;;;;;;;;;;;;;;;;;;;;;;;;;;;
PROV61;Golden Shore;;;;;;;;;;;;;;;;;;;;;;;;;;;
PROV54;Kesapuoli;;;;;;;;;;;;;;;;;;;;;;;;;;;
PROV42;Valolahti;;;;;;;;;;;;;;;;;;;;;;;;;;;
PROV45;Sakara;;;;;;;;;;;;;;;;;;;;;;;;;;;
PROV46;Harlighamn;;;;;;;;;;;;;;;;;;;;;;;;;;;
PROV57;Traborg;;;;;;;;;;;;;;;;;;;;;;;;;;;
PROV62;Hirvikaupunki;;;;;;;;;;;;;;;;;;;;;;;;;;;
PROV39;Oslott;;;;;;;;;;;;;;;;;;;;;;;;;;;
PROV40;Elksburg;;;;;;;;;;;;;;;;;;;;;;;;;;;
PROV74;Drowned Antler Marsh;;;;;;;;;;;;;;;;;;;;;;;;;;;
PROV73;Antleria;;;;;;;;;;;;;;;;;;;;;;;;;;;
PROV66;Ishamn;;;;;;;;;;;;;;;;;;;;;;;;;;;
PROV79;Grylloblatod;;;;;;;;;;;;;;;;;;;;;;;;;;;
PROV91;Neverwarm Point;;;;;;;;;;;;;;;;;;;;;;;;;;;
PROV126;Ditrysium;;;;;;;;;;;;;;;;;;;;;;;;;;;
PROV157;Vesalipolis;;;;;;;;;;;;;;;;;;;;;;;;;;;
PROV146;Gardis;;;;;;;;;;;;;;;;;;;;;;;;;;;
PROV1328;Lyctida;;;;;;;;;;;;;;;;;;;;;;;;;;;
PROV195;Purifia;;;;;;;;;;;;;;;;;;;;;;;;;;;
PROV111;Phantine;;;;;;;;;;;;;;;;;;;;;;;;;;;
PROV141;Formicida;;;;;;;;;;;;;;;;;;;;;;;;;;;
PROV135;Assyna;;;;;;;;;;;;;;;;;;;;;;;;;;;
PROV107;Apsychos;;;;;;;;;;;;;;;;;;;;;;;;;;;
PROV177;Vraks;;;;;;;;;;;;;;;;;;;;;;;;;;;
PROV193;Agonia;;;;;;;;;;;;;;;;;;;;;;;;;;;
PROV292;Praesepis;;;;;;;;;;;;;;;;;;;;;;;;;;;
PROV257;Volistad;;;;;;;;;;;;;;;;;;;;;;;;;;;
PROV313;Hoorornd;;;;;;;;;;;;;;;;;;;;;;;;;;;
PROV309;Antax;;;;;;;;;;;;;;;;;;;;;;;;;;;
PROV140;Larkorix;;;;;;;;;;;;;;;;;;;;;;;;;;;
PROV185;Kladisium;;;;;;;;;;;;;;;;;;;;;;;;;;;
PROV224;Crucis;;;;;;;;;;;;;;;;;;;;;;;;;;;
PROV81;Feslott;;;;;;;;;;;;;;;;;;;;;;;;;;;
PROV179;Smalstad;;;;;;;;;;;;;;;;;;;;;;;;;;;
PROV1742;Soryth;;;;;;;;;;;;;;;;;;;;;;;;;;;
PROV2045;Mathair Fearainn;;;;;;;;;;;;;;;;;;;;;;;;;;;
PROV367;Onlartir;;;;;;;;;;;;;;;;;;;;;;;;;;;
PROV470;Yak Mathan Criche;;;;;;;;;;;;;;;;;;;;;;;;;;;
PROV579;Tsasbaatar;;;;;;;;;;;;;;;;;;;;;;;;;;;
PROV552;Manai Gazar;;;;;;;;;;;;;;;;;;;;;;;;;;;
PROV593;Bara'dur;;;;;;;;;;;;;;;;;;;;;;;;;;;
PROV439;Ariun Ordon;;;;;;;;;;;;;;;;;;;;;;;;;;;
PROV395;Uulsiin Khoorond;;;;;;;;;;;;;;;;;;;;;;;;;;;
PROV450;Saihandale;;;;;;;;;;;;;;;;;;;;;;;;;;;
PROV501;Gol Guur;;;;;;;;;;;;;;;;;;;;;;;;;;;
PROV531;Karsakag;;;;;;;;;;;;;;;;;;;;;;;;;;;
PROV478;Gollig Khuvaakh;;;;;;;;;;;;;;;;;;;;;;;;;;;
PROV480;Khereh Davsag;;;;;;;;;;;;;;;;;;;;;;;;;;;
PROV555;Tuuraikhan;;;;;;;;;;;;;;;;;;;;;;;;;;;
PROV428;Er Nag Uul;;;;;;;;;;;;;;;;;;;;;;;;;;;
PROV372;Numuul;;;;;;;;;;;;;;;;;;;;;;;;;;;
PROV506;Bolor Uuls;;;;;;;;;;;;;;;;;;;;;;;;;;;
PROV607;Dalmavalley;;;;;;;;;;;;;;;;;;;;;;;;;;;
PROV640;Frosthill;;;;;;;;;;;;;;;;;;;;;;;;;;;
PROV734;Bunnois;;;;;;;;;;;;;;;;;;;;;;;;;;;
PROV679;Guidonuovo;;;;;;;;;;;;;;;;;;;;;;;;;;;
PROV755;Federstadt;;;;;;;;;;;;;;;;;;;;;;;;;;;
PROV585;Saihan Tolgod;;;;;;;;;;;;;;;;;;;;;;;;;;;
PROV565;Nokhorshag Oi;;;;;;;;;;;;;;;;;;;;;;;;;;;
PROV622;Sarlag Khot;;;;;;;;;;;;;;;;;;;;;;;;;;;
PROV627;Modnihendi;;;;;;;;;;;;;;;;;;;;;;;;;;;
PROV616;Oin Shiltgeen;;;;;;;;;;;;;;;;;;;;;;;;;;;
PROV690;Moron;;;;;;;;;;;;;;;;;;;;;;;;;;;
PROV719;Kluv Khot;;;;;;;;;;;;;;;;;;;;;;;;;;;
PROV750;Khanty-Manesisk;;;;;;;;;;;;;;;;;;;;;;;;;;;
PROV759;Schneetal;;;;;;;;;;;;;;;;;;;;;;;;;;;
PROV784;Niuew Mirabelle;;;;;;;;;;;;;;;;;;;;;;;;;;;
PROV837;Neu Crona;;;;;;;;;;;;;;;;;;;;;;;;;;;
PROV739;Sverdrup;;;;;;;;;;;;;;;;;;;;;;;;;;;
PROV483;Jan Mayen;;;;;;;;;;;;;;;;;;;;;;;;;;;
PROV504;Wesslandia;;;;;;;;;;;;;;;;;;;;;;;;;;;
PROV526;Geirfuglvidda;;;;;;;;;;;;;;;;;;;;;;;;;;;
PROV604;Amundsen;;;;;;;;;;;;;;;;;;;;;;;;;;;
PROV700;Nansen;;;;;;;;;;;;;;;;;;;;;;;;;;;
PROV1737;Dachaigh;;;;;;;;;;;;;;;;;;;;;;;;;;;
PROV758;Ingstad;;;;;;;;;;;;;;;;;;;;;;;;;;;
PROV832;Groenstein;;;;;;;;;;;;;;;;;;;;;;;;;;;
PROV1581;Boreasfjord;;;;;;;;;;;;;;;;;;;;;;;;;;;
PROV1669;Everwinter Isles;;;;;;;;;;;;;;;;;;;;;;;;;;;
PROV896;Weter;;;;;;;;;;;;;;;;;;;;;;;;;;;
PROV872;Zerkshed Skall;;;;;;;;;;;;;;;;;;;;;;;;;;;
PROV852;Nouvelle Aquila;;;;;;;;;;;;;;;;;;;;;;;;;;;
PROV826;Ny Winghaven;;;;;;;;;;;;;;;;;;;;;;;;;;;
PROV1208;Onear Mountains;;;;;;;;;;;;;;;;;;;;;;;;;;;
PROV846;Dulli Mountains;;;;;;;;;;;;;;;;;;;;;;;;;;;
PROV857;Azkaban;;;;;;;;;;;;;;;;;;;;;;;;;;;
PROV1388;Yakistown;;;;;;;;;;;;;;;;;;;;;;;;;;;
PROV756;Port-Giselda;;;;;;;;;;;;;;;;;;;;;;;;;;;
PROV804;Cocoyer;;;;;;;;;;;;;;;;;;;;;;;;;;;
PROV938;Trots and Canters;;;;;;;;;;;;;;;;;;;;;;;;;;;
PROV976;Winterhold;;;;;;;;;;;;;;;;;;;;;;;;;;;
PROV949;World's End;;;;;;;;;;;;;;;;;;;;;;;;;;;
PROV948;Haukhamn;;;;;;;;;;;;;;;;;;;;;;;;;;;
PROV1453;Alogssata;;;;;;;;;;;;;;;;;;;;;;;;;;;
PROV1703;Queen's Island;;;;;;;;;;;;;;;;;;;;;;;;;;;
PROV152;Gorak;;;;;;;;;;;;;;;;;;;;;;;;;;;
PROV973;Baleric Islands;;;;;;;;;;;;;;;;;;;;;;;;;;;
PROV970;Maneorca;;;;;;;;;;;;;;;;;;;;;;;;;;;
PROV205;San Palomino Desert;;;;;;;;;;;;;;;;;;;;;;;;;;;
PROV259;North Snortora Desert;;;;;;;;;;;;;;;;;;;;;;;;;;;
PROV258;South Snortora Deser;;;;;;;;;;;;;;;;;;;;;;;;;;;
PROV264;Doo Nidahaltingoo;;;;;;;;;;;;;;;;;;;;;;;;;;;
PROV293;Ayanidi;;;;;;;;;;;;;;;;;;;;;;;;;;;
PROV330;Silent Sands;;;;;;;;;;;;;;;;;;;;;;;;;;;
PROV342;Clo-Dih;;;;;;;;;;;;;;;;;;;;;;;;;;;
PROV320;Sunshine Peninsula;;;;;;;;;;;;;;;;;;;;;;;;;;;
PROV465;Macintosh Mountains;;;;;;;;;;;;;;;;;;;;;;;;;;;
PROV1661;Svalbeard;;;;;;;;;;;;;;;;;;;;;;;;;;;
PROV711;Cranberry Marsh;;;;;;;;;;;;;;;;;;;;;;;;;;;
PROV603;Icy Mountains;;;;;;;;;;;;;;;;;;;;;;;;;;;
PROV388;North Yak Range;;;;;;;;;;;;;;;;;;;;;;;;;;;
PROV170;Yak Range;;;;;;;;;;;;;;;;;;;;;;;;;;;
PROV466;Mount Everhoof;;;;;;;;;;;;;;;;;;;;;;;;;;;
PROV532;Crystal Mountains;;;;;;;;;;;;;;;;;;;;;;;;;;;
PROV84;Ursa-Vuori;;;;;;;;;;;;;;;;;;;;;;;;;;;
PROV119;Lumi-Vuoret;;;;;;;;;;;;;;;;;;;;;;;;;;;
PROV1549;South Cannibal Mountains;;;;;;;;;;;;;;;;;;;;;;;;;;;
PROV595;North Cannibal Mountains;;;;;;;;;;;;;;;;;;;;;;;;;;;
PROV580;Fearann A Deas;;;;;;;;;;;;;;;;;;;;;;;;;;;
PROV522;Hayseed Swamps;;;;;;;;;;;;;;;;;;;;;;;;;;;
PROV1818;West Badlands;;;;;;;;;;;;;;;;;;;;;;;;;;;
PROV490;East Badlands;;;;;;;;;;;;;;;;;;;;;;;;;;;
PROV408;Big Rock;;;;;;;;;;;;;;;;;;;;;;;;;;;
PROV481;Peonia;;;;;;;;;;;;;;;;;;;;;;;;;;;
PROV515;Wolfthorn;;;;;;;;;;;;;;;;;;;;;;;;;;;
PROV560;Indianafoalis;;;;;;;;;;;;;;;;;;;;;;;;;;;
PROV547;Interneightional Falls;;;;;;;;;;;;;;;;;;;;;;;;;;;
PROV537;Ralneigh;;;;;;;;;;;;;;;;;;;;;;;;;;;
PROV366;Fargoat;;;;;;;;;;;;;;;;;;;;;;;;;;;
PROV333;New Foalton;;;;;;;;;;;;;;;;;;;;;;;;;;;
PROV642;Birmaneham;;;;;;;;;;;;;;;;;;;;;;;;;;;
PROV305;Leads;;;;;;;;;;;;;;;;;;;;;;;;;;;
PROV275;Shetfield;;;;;;;;;;;;;;;;;;;;;;;;;;;
PROV255;Manever;;;;;;;;;;;;;;;;;;;;;;;;;;;
PROV279;Princesston upon Hull;;;;;;;;;;;;;;;;;;;;;;;;;;;
PROV297;Coltchester;;;;;;;;;;;;;;;;;;;;;;;;;;;
PROV287;Saltisbury;;;;;;;;;;;;;;;;;;;;;;;;;;;
PROV304;Bray;;;;;;;;;;;;;;;;;;;;;;;;;;;
PROV419;Des Manes;;;;;;;;;;;;;;;;;;;;;;;;;;;
PROV299;North Las Pegasus;;;;;;;;;;;;;;;;;;;;;;;;;;;
PROV355;Coltorado Springs;;;;;;;;;;;;;;;;;;;;;;;;;;;
PROV626;Whinnypeg;;;;;;;;;;;;;;;;;;;;;;;;;;;
PROV326;Manechester;;;;;;;;;;;;;;;;;;;;;;;;;;;
PROV357;Edinbray;;;;;;;;;;;;;;;;;;;;;;;;;;;
PROV356;Braydford;;;;;;;;;;;;;;;;;;;;;;;;;;;
PROV329;Covreigntry;;;;;;;;;;;;;;;;;;;;;;;;;;;
PROV571;New Braunfoals;;;;;;;;;;;;;;;;;;;;;;;;;;;
PROV528;Barn;;;;;;;;;;;;;;;;;;;;;;;;;;;
PROV558;Geneighva;;;;;;;;;;;;;;;;;;;;;;;;;;;
PROV567;Basil;;;;;;;;;;;;;;;;;;;;;;;;;;;
PROV605;St Gallop;;;;;;;;;;;;;;;;;;;;;;;;;;;
PROV545;Foalothurn;;;;;;;;;;;;;;;;;;;;;;;;;;;
PROV606;Reignfelden;;;;;;;;;;;;;;;;;;;;;;;;;;;
PROV513;Manechenstein;;;;;;;;;;;;;;;;;;;;;;;;;;;
PROV314;Tail;;;;;;;;;;;;;;;;;;;;;;;;;;;
PROV245;Manesing Swamp;;;;;;;;;;;;;;;;;;;;;;;;;;;
PROV688;Mooscow;;;;;;;;;;;;;;;;;;;;;;;;;;;
PROV722;Grazan;;;;;;;;;;;;;;;;;;;;;;;;;;;
PROV766;Oreignburg;;;;;;;;;;;;;;;;;;;;;;;;;;;
PROV692;Sevastopon;;;;;;;;;;;;;;;;;;;;;;;;;;;
PROV706;Maroslavl;;;;;;;;;;;;;;;;;;;;;;;;;;;
PROV705;Ivano-Flankivsk;;;;;;;;;;;;;;;;;;;;;;;;;;;
PROV732;Starry Zagora;;;;;;;;;;;;;;;;;;;;;;;;;;;
PROV742;Naryan-Mare;;;;;;;;;;;;;;;;;;;;;;;;;;;
PROV617;Murmanesk;;;;;;;;;;;;;;;;;;;;;;;;;;;
PROV731;Foalensk;;;;;;;;;;;;;;;;;;;;;;;;;;;
PROV742;Oatdessa;;;;;;;;;;;;;;;;;;;;;;;;;;;
PROV763;Mareiupol;;;;;;;;;;;;;;;;;;;;;;;;;;;
PROV761;Mahlicow;;;;;;;;;;;;;;;;;;;;;;;;;;;
PROV748;Samarea;;;;;;;;;;;;;;;;;;;;;;;;;;;
PROV767;Hoofia;;;;;;;;;;;;;;;;;;;;;;;;;;;
PROV775;Rostov-on-Pon;;;;;;;;;;;;;;;;;;;;;;;;;;;
PROV792;Plotdiv;;;;;;;;;;;;;;;;;;;;;;;;;;;
PROV743;Sladkiy;;;;;;;;;;;;;;;;;;;;;;;;;;;
PROV723;Konzan;;;;;;;;;;;;;;;;;;;;;;;;;;;
PROV751;Stary Ponor;;;;;;;;;;;;;;;;;;;;;;;;;;;
PROV788;Chewnogorsk;;;;;;;;;;;;;;;;;;;;;;;;;;;
PROV791;Chornomaresk;;;;;;;;;;;;;;;;;;;;;;;;;;;
PROV683;Clopyvnytskyl;;;;;;;;;;;;;;;;;;;;;;;;;;;
PROV672;Brayansk;;;;;;;;;;;;;;;;;;;;;;;;;;;
PROV609;Clopeda;;;;;;;;;;;;;;;;;;;;;;;;;;;
PROV587;Taillinn;;;;;;;;;;;;;;;;;;;;;;;;;;;
PROV602;Mareijampole;;;;;;;;;;;;;;;;;;;;;;;;;;;
PROV744;Daugavfoals;;;;;;;;;;;;;;;;;;;;;;;;;;;
PROV765;Pearnik;;;;;;;;;;;;;;;;;;;;;;;;;;;
PROV774;Ponyzavodsk;;;;;;;;;;;;;;;;;;;;;;;;;;;
PROV790;Simferopon;;;;;;;;;;;;;;;;;;;;;;;;;;;
PROV813;Nokotasibirsk;;;;;;;;;;;;;;;;;;;;;;;;;;;
PROV798;Braysov;;;;;;;;;;;;;;;;;;;;;;;;;;;
PROV678;Ponevezys;;;;;;;;;;;;;;;;;;;;;;;;;;;
PROV1109;West Goatcasus;;;;;;;;;;;;;;;;;;;;;;;;;;;
PROV618;East Goatcasus;;;;;;;;;;;;;;;;;;;;;;;;;;;
PROV646;Malinovka;;;;;;;;;;;;;;;;;;;;;;;;;;;
PROV632;Landish Fields;;;;;;;;;;;;;;;;;;;;;;;;;;;
PROV647;Kukuruzza;;;;;;;;;;;;;;;;;;;;;;;;;;;
PROV639;Misty Hills;;;;;;;;;;;;;;;;;;;;;;;;;;;
PROV592;Oneighga;;;;;;;;;;;;;;;;;;;;;;;;;;;
PROV668;Celestirinburg;;;;;;;;;;;;;;;;;;;;;;;;;;;
PROV675;Petrofoalovsk;;;;;;;;;;;;;;;;;;;;;;;;;;;
PROV691;Kamtrotsky;;;;;;;;;;;;;;;;;;;;;;;;;;;
PROV724;Snowy Mountains;;;;;;;;;;;;;;;;;;;;;;;;;;;
PROV754;Northeast Snowy Mountains;;;;;;;;;;;;;;;;;;;;;;;;;;;
PROV665;Marajevo;;;;;;;;;;;;;;;;;;;;;;;;;;;
PROV702;Neighvi Sad;;;;;;;;;;;;;;;;;;;;;;;;;;;
PROV708;Neighvi Pazar;;;;;;;;;;;;;;;;;;;;;;;;;;;
PROV747;Oatsijek;;;;;;;;;;;;;;;;;;;;;;;;;;;
PROV806;Barnja Luka;;;;;;;;;;;;;;;;;;;;;;;;;;;
PROV780;Bleatislava;;;;;;;;;;;;;;;;;;;;;;;;;;;
PROV544;Coltumbus;;;;;;;;;;;;;;;;;;;;;;;;;;;
PROV548;Newcolt News;;;;;;;;;;;;;;;;;;;;;;;;;;;
PROV614;Ranchington Beach;;;;;;;;;;;;;;;;;;;;;;;;;;;
PROV638;Saltiago;;;;;;;;;;;;;;;;;;;;;;;;;;;
PROV598;Montebray;;;;;;;;;;;;;;;;;;;;;;;;;;;
PROV411;Coltus Christi;;;;;;;;;;;;;;;;;;;;;;;;;;;
PROV485;Baton Moogue;;;;;;;;;;;;;;;;;;;;;;;;;;;
PROV429;Lafoalette;;;;;;;;;;;;;;;;;;;;;;;;;;;
PROV458;Foaletteville;;;;;;;;;;;;;;;;;;;;;;;;;;;
PROV473;Scoltsdale;;;;;;;;;;;;;;;;;;;;;;;;;;;
PROV296;Fort Neighsworth;;;;;;;;;;;;;;;;;;;;;;;;;;;
PROV511;Yukka;;;;;;;;;;;;;;;;;;;;;;;;;;;
PROV295;Whitetail Woods;;;;;;;;;;;;;;;;;;;;;;;;;;;
PROV650;Port-au-Prance;;;;;;;;;;;;;;;;;;;;;;;;;;;
PROV601;Salto Domanego;;;;;;;;;;;;;;;;;;;;;;;;;;;
PROV600;Guatemara;;;;;;;;;;;;;;;;;;;;;;;;;;;
PROV541;Manetevideo;;;;;;;;;;;;;;;;;;;;;;;;;;;
PROV512;Panamana;;;;;;;;;;;;;;;;;;;;;;;;;;;
PROV1816;Mexicolt City;;;;;;;;;;;;;;;;;;;;;;;;;;;
PROV577;Monterrey Jack;;;;;;;;;;;;;;;;;;;;;;;;;;;
PROV561;Foaltaleza;;;;;;;;;;;;;;;;;;;;;;;;;;;
PROV578;Belo Horsizonte;;;;;;;;;;;;;;;;;;;;;;;;;;;
PROV594;Mexicolti;;;;;;;;;;;;;;;;;;;;;;;;;;;
PROV619;Saltyillo;;;;;;;;;;;;;;;;;;;;;;;;;;;
PROV583;Neightona;;;;;;;;;;;;;;;;;;;;;;;;;;;
PROV657;Stompa;;;;;;;;;;;;;;;;;;;;;;;;;;;
PROV557;Saltinas;;;;;;;;;;;;;;;;;;;;;;;;;;;
PROV284;Peno;;;;;;;;;;;;;;;;;;;;;;;;;;;
PROV317;Vermelonville;;;;;;;;;;;;;;;;;;;;;;;;;;;
PROV163;Larodeo;;;;;;;;;;;;;;;;;;;;;;;;;;;
PROV364;Santa Neigh;;;;;;;;;;;;;;;;;;;;;;;;;;;
PROV187;Taillahassee;;;;;;;;;;;;;;;;;;;;;;;;;;;
PROV251;Trotverse City;;;;;;;;;;;;;;;;;;;;;;;;;;;
PROV226;Mangor;;;;;;;;;;;;;;;;;;;;;;;;;;;
PROV233;Wilmaneton;;;;;;;;;;;;;;;;;;;;;;;;;;;
PROV341;Lexmaneton;;;;;;;;;;;;;;;;;;;;;;;;;;;
PROV393;Indianeighpolis;;;;;;;;;;;;;;;;;;;;;;;;;;;
PROV374;Cincinneighti;;;;;;;;;;;;;;;;;;;;;;;;;;;
PROV449;Marequette;;;;;;;;;;;;;;;;;;;;;;;;;;;
PROV539;Bismareck;;;;;;;;;;;;;;;;;;;;;;;;;;;
PROV635;Marrisburg;;;;;;;;;;;;;;;;;;;;;;;;;;;
PROV637;Wilkes-Barne;;;;;;;;;;;;;;;;;;;;;;;;;;;
PROV517;Zacoltecas;;;;;;;;;;;;;;;;;;;;;;;;;;;
PROV543;Oatxaca;;;;;;;;;;;;;;;;;;;;;;;;;;;
PROV451;Zebragoza;;;;;;;;;;;;;;;;;;;;;;;;;;;
PROV469;Coatzacoltcos;;;;;;;;;;;;;;;;;;;;;;;;;;;
PROV611;Agavecalientes;;;;;;;;;;;;;;;;;;;;;;;;;;;
PROV581;Monclopva;;;;;;;;;;;;;;;;;;;;;;;;;;;
PROV487;Enseneighda;;;;;;;;;;;;;;;;;;;;;;;;;;;
PROV474;Truhayllo;;;;;;;;;;;;;;;;;;;;;;;;;;;
PROV524;Maneagua;;;;;;;;;;;;;;;;;;;;;;;;;;;
PROV540;Tarragon;;;;;;;;;;;;;;;;;;;;;;;;;;;
PROV563;Fawngirola;;;;;;;;;;;;;;;;;;;;;;;;;;;
PROV519;Coltdoba;;;;;;;;;;;;;;;;;;;;;;;;;;;
PROV848;Clovenland;;;;;;;;;;;;;;;;;;;;;;;;;;;
PROV572;Angelless Forest;;;;;;;;;;;;;;;;;;;;;;;;;;;
PROV346;Jade Hills;;;;;;;;;;;;;;;;;;;;;;;;;;;
PROV464;Aquavitae Creeks;;;;;;;;;;;;;;;;;;;;;;;;;;;
PROV523;Quartz Piedmont;;;;;;;;;;;;;;;;;;;;;;;;;;;
PROV662;Beside;;;;;;;;;;;;;;;;;;;;;;;;;;;
PROV773;Nithean Talamh Ard;;;;;;;;;;;;;;;;;;;;;;;;;;;
PROV739;Chimincollie;;;;;;;;;;;;;;;;;;;;;;;;;;;
PROV274;Okeechobuff;;;;;;;;;;;;;;;;;;;;;;;;;;;
PROV324;Tailaha Ssi;;;;;;;;;;;;;;;;;;;;;;;;;;;
PROV302;Oneighda;;;;;;;;;;;;;;;;;;;;;;;;;;;
PROV310;Arapahoof;;;;;;;;;;;;;;;;;;;;;;;;;;;
PROV252;Annahoofsett;;;;;;;;;;;;;;;;;;;;;;;;;;;
PROV253;Tukumookaru;;;;;;;;;;;;;;;;;;;;;;;;;;;
PROV248;Kahyonhowaneigh;;;;;;;;;;;;;;;;;;;;;;;;;;;
PROV201;Ashtepihayle;;;;;;;;;;;;;;;;;;;;;;;;;;;
PROV1990;Laxaomane;;;;;;;;;;;;;;;;;;;;;;;;;;;
PROV339;Yuxwiakmane;;;;;;;;;;;;;;;;;;;;;;;;;;;
PROV298;Hufwanee;;;;;;;;;;;;;;;;;;;;;;;;;;;
PROV365;Piscatailway;;;;;;;;;;;;;;;;;;;;;;;;;;;
PROV316;Anacoltsia;;;;;;;;;;;;;;;;;;;;;;;;;;;
PROV348;Muskoxgee;;;;;;;;;;;;;;;;;;;;;;;;;;;
PROV294;Chattahoofchee;;;;;;;;;;;;;;;;;;;;;;;;;;;
PROV263;Menomanee;;;;;;;;;;;;;;;;;;;;;;;;;;;
PROV1957;Neighaaniinh;;;;;;;;;;;;;;;;;;;;;;;;;;;
PROV196;Stompanoag;;;;;;;;;;;;;;;;;;;;;;;;;;;
PROV380;Pebble City;;;;;;;;;;;;;;;;;;;;;;;;;;;
PROV371;Haynderson;;;;;;;;;;;;;;;;;;;;;;;;;;;
PROV382;Whinnymucca;;;;;;;;;;;;;;;;;;;;;;;;;;;
PROV398;Elk;;;;;;;;;;;;;;;;;;;;;;;;;;;
PROV354;Yumare;;;;;;;;;;;;;;;;;;;;;;;;;;;
PROV335;Marecopa;;;;;;;;;;;;;;;;;;;;;;;;;;;
PROV301;Trotswell;;;;;;;;;;;;;;;;;;;;;;;;;;;
PROV289;Cloven;;;;;;;;;;;;;;;;;;;;;;;;;;;
PROV267;Los Celestis;;;;;;;;;;;;;;;;;;;;;;;;;;;
PROV238;Portails;;;;;;;;;;;;;;;;;;;;;;;;;;;
PROV235;Neighgales;;;;;;;;;;;;;;;;;;;;;;;;;;;
PROV707;Sutrotki;;;;;;;;;;;;;;;;;;;;;;;;;;;
#Griffonia;;;;;;;;;;;;;;x
#############################################;;;;;;;;;;;;;;x
PROV1044;Boltaire;;;;;;;;;;;;;;;;;;;;;;;;;;;
PROV1079;Port Arbor;;;;;;;;;;;;;;;;;;;;;;;;;;;
PROV1072;Starfall;;;;;;;;;;;;;;;;;;;;;;;;;;;
PROV1227;New Manehattan;;;;;;;;;;;;;;;;;;;;;;;;;;;
PROV1205;Canmarea;;;;;;;;;;;;;;;;;;;;;;;;;;;
PROV1180;Bucksbane;;;;;;;;;;;;;;;;;;;;;;;;;;;
PROV1258;New Summerfield;;;;;;;;;;;;;;;;;;;;;;;;;;;
PROV1179;Mirth;;;;;;;;;;;;;;;;;;;;;;;;;;;
PROV1235;Sunset;;;;;;;;;;;;;;;;;;;;;;;;;;;
PROV1264;Colton;;;;;;;;;;;;;;;;;;;;;;;;;;;
PROV1268;New Hoofington;;;;;;;;;;;;;;;;;;;;;;;;;;;
PROV1293;New Manesbury;;;;;;;;;;;;;;;;;;;;;;;;;;;
PROV1297;Stratus Springs;;;;;;;;;;;;;;;;;;;;;;;;;;;
PROV1202;Manebourne;;;;;;;;;;;;;;;;;;;;;;;;;;;
PROV1299;Applelaid;;;;;;;;;;;;;;;;;;;;;;;;;;;
PROV1327;Hoovesplain;;;;;;;;;;;;;;;;;;;;;;;;;;;
PROV1346;Accwinglio;;;;;;;;;;;;;;;;;;;;;;;;;;;
PROV1481;Navarro;;;;;;;;;;;;;;;;;;;;;;;;;;;
PROV1335;Peckreit;;;;;;;;;;;;;;;;;;;;;;;;;;;
PROV1342;Talononte;;;;;;;;;;;;;;;;;;;;;;;;;;;
PROV1396;Chiazbeacle;;;;;;;;;;;;;;;;;;;;;;;;;;;
PROV1353;Luchihoot;;;;;;;;;;;;;;;;;;;;;;;;;;;
PROV1223;Fezera;;;;;;;;;;;;;;;;;;;;;;;;;;;
PROV1162;Griffton;;;;;;;;;;;;;;;;;;;;;;;;;;;
PROV1839;Skyfall;;;;;;;;;;;;;;;;;;;;;;;;;;;
PROV1231;Oldbeaken;;;;;;;;;;;;;;;;;;;;;;;;;;;
PROV3170;Skyfall Harbor;;;;;;;;;;;;;;;;;;;;;;;;;;;
PROV2135;Rottendedam;;;;;;;;;;;;;;;;;;;;;;;;;;;
PROV489;Old Rottendedam;;;;;;;;;;;;;;;;;;;;;;;;;;;
PROV1357;Wrobert;;;;;;;;;;;;;;;;;;;;;;;;;;;
PROV1567;Soarento;;;;;;;;;;;;;;;;;;;;;;;;;;;
PROV1827;Big Jojo;;;;;;;;;;;;;;;;;;;;;;;;;;;
PROV1762;Little Jojo;;;;;;;;;;;;;;;;;;;;;;;;;;;
PROV1791;Escarlata;;;;;;;;;;;;;;;;;;;;;;;;;;;
PROV1993;Midoria;;;;;;;;;;;;;;;;;;;;;;;;;;;
PROV2059;Limani;;;;;;;;;;;;;;;;;;;;;;;;;;;
PROV2028;Pielciudad;;;;;;;;;;;;;;;;;;;;;;;;;;;
PROV2096;Taurus Archipelago;;;;;;;;;;;;;;;;;;;;;;;;;;;
PROV2134;Lothar;;;;;;;;;;;;;;;;;;;;;;;;;;;
PROV2102;Ischyro Kranos;;;;;;;;;;;;;;;;;;;;;;;;;;;
PROV2204;Megaris;;;;;;;;;;;;;;;;;;;;;;;;;;;
PROV2205;Ina;;;;;;;;;;;;;;;;;;;;;;;;;;;
PROV2361;Lavyrinthos;;;;;;;;;;;;;;;;;;;;;;;;;;;
PROV2376;Kekion;;;;;;;;;;;;;;;;;;;;;;;;;;;
PROV2237;Thiseas;;;;;;;;;;;;;;;;;;;;;;;;;;;
PROV2249;Minos;;;;;;;;;;;;;;;;;;;;;;;;;;;
PROV2280;Cyrtron;;;;;;;;;;;;;;;;;;;;;;;;;;;
PROV2309;Neoi Knosos;;;;;;;;;;;;;;;;;;;;;;;;;;;
PROV2298;Coloe;;;;;;;;;;;;;;;;;;;;;;;;;;;
PROV2225;Thebos;;;;;;;;;;;;;;;;;;;;;;;;;;;
PROV2279;Agradia;;;;;;;;;;;;;;;;;;;;;;;;;;;
PROV2213;Salt Island;;;;;;;;;;;;;;;;;;;;;;;;;;;
PROV2024;Magehold;;;;;;;;;;;;;;;;;;;;;;;;;;;
PROV1894;Marshes of the Dead;;;;;;;;;;;;;;;;;;;;;;;;;;;
PROV2019;Darkest Forest;;;;;;;;;;;;;;;;;;;;;;;;;;;
PROV1971;Last Hope;;;;;;;;;;;;;;;;;;;;;;;;;;;
PROV1930;Woods of Despair;;;;;;;;;;;;;;;;;;;;;;;;;;;
PROV1780;Neyhorn;;;;;;;;;;;;;;;;;;;;;;;;;;;
PROV1797;The Passage;;;;;;;;;;;;;;;;;;;;;;;;;;;
PROV1876;Wailing Coast;;;;;;;;;;;;;;;;;;;;;;;;;;;
PROV1871;Bonehenge;;;;;;;;;;;;;;;;;;;;;;;;;;;
PROV1761;The End;;;;;;;;;;;;;;;;;;;;;;;;;;;
PROV1757;The Tarpian Rock;;;;;;;;;;;;;;;;;;;;;;;;;;;
PROV1915;Losthope;;;;;;;;;;;;;;;;;;;;;;;;;;;
PROV2018;Blackwater;;;;;;;;;;;;;;;;;;;;;;;;;;;
PROV2087;Farbrook;;;;;;;;;;;;;;;;;;;;;;;;;;;
PROV2071;Moonshine;;;;;;;;;;;;;;;;;;;;;;;;;;;
PROV2097;Dogtown;;;;;;;;;;;;;;;;;;;;;;;;;;;
PROV2132;Dit-Kazar;;;;;;;;;;;;;;;;;;;;;;;;;;;
PROV2157;Kotailia;;;;;;;;;;;;;;;;;;;;;;;;;;;
PROV2251;Blosmport;;;;;;;;;;;;;;;;;;;;;;;;;;;
PROV2338;Aisling;;;;;;;;;;;;;;;;;;;;;;;;;;;
PROV2197;Bugsmere;;;;;;;;;;;;;;;;;;;;;;;;;;;
PROV1442;Flowena;;;;;;;;;;;;;;;;;;;;;;;;;;;
PROV1746;Rumare;;;;;;;;;;;;;;;;;;;;;;;;;;;
PROV1651;Romau;;;;;;;;;;;;;;;;;;;;;;;;;;;
PROV1633;West Romau;;;;;;;;;;;;;;;;;;;;;;;;;;;
PROV2434;Colegio;;;;;;;;;;;;;;;;;;;;;;;;;;;
PROV2517;Ilha Rosca;;;;;;;;;;;;;;;;;;;;;;;;;;;
PROV214;Isle Seguro;;;;;;;;;;;;;;;;;;;;;;;;;;;
PROV2526;Seguro;;;;;;;;;;;;;;;;;;;;;;;;;;;
PROV1352;Skyaluzzo;;;;;;;;;;;;;;;;;;;;;;;;;;;
PROV1294;Pridea;;;;;;;;;;;;;;;;;;;;;;;;;;;
PROV1168;Manetua;;;;;;;;;;;;;;;;;;;;;;;;;;;
PROV1136;Beroux;;;;;;;;;;;;;;;;;;;;;;;;;;;
PROV1130;Aquila;;;;;;;;;;;;;;;;;;;;;;;;;;;
PROV1090;Vyzima;;;;;;;;;;;;;;;;;;;;;;;;;;;
PROV1083;Dilven;;;;;;;;;;;;;;;;;;;;;;;;;;;
PROV1075;Pelis;;;;;;;;;;;;;;;;;;;;;;;;;;;
PROV1107;Rila;;;;;;;;;;;;;;;;;;;;;;;;;;;
PROV1133;Vilein;;;;;;;;;;;;;;;;;;;;;;;;;;;
PROV1096;Westtry;;;;;;;;;;;;;;;;;;;;;;;;;;;
PROV1197;Marcon;;;;;;;;;;;;;;;;;;;;;;;;;;;
PROV1173;Winghagen;;;;;;;;;;;;;;;;;;;;;;;;;;;
PROV1105;Knaktberg;;;;;;;;;;;;;;;;;;;;;;;;;;;
PROV1059;Turhamn;;;;;;;;;;;;;;;;;;;;;;;;;;;
PROV1023;Flyghamn;;;;;;;;;;;;;;;;;;;;;;;;;;;
PROV1012;Frosteberg;;;;;;;;;;;;;;;;;;;;;;;;;;;
PROV999;Kloby;;;;;;;;;;;;;;;;;;;;;;;;;;;
PROV986;Jarnkoping;;;;;;;;;;;;;;;;;;;;;;;;;;;
PROV1007;Rostlunda;;;;;;;;;;;;;;;;;;;;;;;;;;;
PROV965;Skyrim;;;;;;;;;;;;;;;;;;;;;;;;;;;
PROV962;Veteborg;;;;;;;;;;;;;;;;;;;;;;;;;;;
PROV982;Bluffhead;;;;;;;;;;;;;;;;;;;;;;;;;;;
PROV1008;Skynavia;;;;;;;;;;;;;;;;;;;;;;;;;;;
PROV1688;New Skynavia;;;;;;;;;;;;;;;;;;;;;;;;;;;
PROV1054;Ostfloy;;;;;;;;;;;;;;;;;;;;;;;;;;;
PROV1015;Signaler's Hill;;;;;;;;;;;;;;;;;;;;;;;;;;;
PROV1135;Everfrost;;;;;;;;;;;;;;;;;;;;;;;;;;;
PROV1232;Sleetfell;;;;;;;;;;;;;;;;;;;;;;;;;;;
PROV1323;Frostbell;;;;;;;;;;;;;;;;;;;;;;;;;;;
PROV1527;Norrbeak;;;;;;;;;;;;;;;;;;;;;;;;;;;
PROV1674;Kristoff;;;;;;;;;;;;;;;;;;;;;;;;;;;
PROV1665;Path;;;;;;;;;;;;;;;;;;;;;;;;;;;
PROV1828;Pondwatch;;;;;;;;;;;;;;;;;;;;;;;;;;;
PROV1730;Nadle;;;;;;;;;;;;;;;;;;;;;;;;;;;
PROV1803;Watertown;;;;;;;;;;;;;;;;;;;;;;;;;;;
PROV1819;Hort;;;;;;;;;;;;;;;;;;;;;;;;;;;
PROV1880;Goldmire;;;;;;;;;;;;;;;;;;;;;;;;;;;
PROV1878;Oldpine;;;;;;;;;;;;;;;;;;;;;;;;;;;
PROV1954;Ochme;;;;;;;;;;;;;;;;;;;;;;;;;;;
PROV1964;Skulling;;;;;;;;;;;;;;;;;;;;;;;;;;;
PROV1918;Gazedale;;;;;;;;;;;;;;;;;;;;;;;;;;;
PROV1848;Silverfalls;;;;;;;;;;;;;;;;;;;;;;;;;;;
PROV1984;Bonedrift;;;;;;;;;;;;;;;;;;;;;;;;;;;
PROV2065;Endlessen;;;;;;;;;;;;;;;;;;;;;;;;;;;
PROV2233;Marelje;;;;;;;;;;;;;;;;;;;;;;;;;;;
PROV2318;Vetailje;;;;;;;;;;;;;;;;;;;;;;;;;;;
PROV2331;Bakara;;;;;;;;;;;;;;;;;;;;;;;;;;;
PROV2274;Coltovac Gornji;;;;;;;;;;;;;;;;;;;;;;;;;;;
PROV2219;Mareibor;;;;;;;;;;;;;;;;;;;;;;;;;;;
PROV2439;Ponyrgos;;;;;;;;;;;;;;;;;;;;;;;;;;;
PROV2410;Coltrinth;;;;;;;;;;;;;;;;;;;;;;;;;;;
PROV2394;Prancetras;;;;;;;;;;;;;;;;;;;;;;;;;;;
PROV2469;Stala;;;;;;;;;;;;;;;;;;;;;;;;;;;
PROV2512;Nimbusi;;;;;;;;;;;;;;;;;;;;;;;;;;;
PROV2532;Stratos;;;;;;;;;;;;;;;;;;;;;;;;;;;
PROV2484;Kalamaneta;;;;;;;;;;;;;;;;;;;;;;;;;;;
PROV2499;Thessalneighki;;;;;;;;;;;;;;;;;;;;;;;;;;;
PROV2463;Airopoli;;;;;;;;;;;;;;;;;;;;;;;;;;;
PROV2458;Coltvala;;;;;;;;;;;;;;;;;;;;;;;;;;;
PROV2533;Raveni;;;;;;;;;;;;;;;;;;;;;;;;;;;
PROV2572;Ioneigha;;;;;;;;;;;;;;;;;;;;;;;;;;;
PROV2559;Paltrotria;;;;;;;;;;;;;;;;;;;;;;;;;;;
PROV2522;Achadh nam Blath;;;;;;;;;;;;;;;;;;;;;;;;;;;
PROV2531;Laimrig Geal;;;;;;;;;;;;;;;;;;;;;;;;;;;
PROV2546;Hreineyri;;;;;;;;;;;;;;;;;;;;;;;;;;;
PROV2557;Jurtavik;;;;;;;;;;;;;;;;;;;;;;;;;;;
PROV2575;Hornavik;;;;;;;;;;;;;;;;;;;;;;;;;;;
PROV2539;Hjardholt;;;;;;;;;;;;;;;;;;;;;;;;;;;
PROV2518;Abbercurnig;;;;;;;;;;;;;;;;;;;;;;;;;;;
PROV2489;Oferclif;;;;;;;;;;;;;;;;;;;;;;;;;;;
PROV2449;Fyrport;;;;;;;;;;;;;;;;;;;;;;;;;;;
PROV2390;Rey Macaco;;;;;;;;;;;;;;;;;;;;;;;;;;;
PROV2359;Balisemont;;;;;;;;;;;;;;;;;;;;;;;;;;;
PROV2333;Riaportu;;;;;;;;;;;;;;;;;;;;;;;;;;;
PROV2287;Pythagoros;;;;;;;;;;;;;;;;;;;;;;;;;;;
PROV2258;Viartorre;;;;;;;;;;;;;;;;;;;;;;;;;;;
PROV2227;Camafeu;;;;;;;;;;;;;;;;;;;;;;;;;;;
PROV2210;Sydia;;;;;;;;;;;;;;;;;;;;;;;;;;;
PROV2173;Qwoptia;;;;;;;;;;;;;;;;;;;;;;;;;;;
PROV2129;Kissau;;;;;;;;;;;;;;;;;;;;;;;;;;;
PROV2122;Salmarkt;;;;;;;;;;;;;;;;;;;;;;;;;;;
PROV2175;Drakonea;;;;;;;;;;;;;;;;;;;;;;;;;;;
PROV2140;Stithalassa;;;;;;;;;;;;;;;;;;;;;;;;;;;
PROV2095;Ekklisia;;;;;;;;;;;;;;;;;;;;;;;;;;;
PROV2043;Auropallieta;;;;;;;;;;;;;;;;;;;;;;;;;;;
PROV2010;Liamaniou;;;;;;;;;;;;;;;;;;;;;;;;;;;
PROV2038;Thymiaustadt;;;;;;;;;;;;;;;;;;;;;;;;;;;
PROV2003;De Aguilar;;;;;;;;;;;;;;;;;;;;;;;;;;;
PROV2125;Kerato;;;;;;;;;;;;;;;;;;;;;;;;;;;
PROV2146;Aster's Landing;;;;;;;;;;;;;;;;;;;;;;;;;;;
PROV2186;Merope;;;;;;;;;;;;;;;;;;;;;;;;;;;
PROV2142;Lillai;;;;;;;;;;;;;;;;;;;;;;;;;;;
PROV2060;Agelada;;;;;;;;;;;;;;;;;;;;;;;;;;;
PROV2103;Prospero;;;;;;;;;;;;;;;;;;;;;;;;;;;
PROV2049;Lonely Light;;;;;;;;;;;;;;;;;;;;;;;;;;;
PROV1951;Eritrocefalia;;;;;;;;;;;;;;;;;;;;;;;;;;;
PROV2016;Cabeza de Toro;;;;;;;;;;;;;;;;;;;;;;;;;;;
PROV1902;Bahia de Tridente;;;;;;;;;;;;;;;;;;;;;;;;;;;
PROV1877;Queruscos;;;;;;;;;;;;;;;;;;;;;;;;;;;
PROV1834;Keowen;;;;;;;;;;;;;;;;;;;;;;;;;;;
PROV1749;Sudfolc;;;;;;;;;;;;;;;;;;;;;;;;;;;
PROV1888;Leve;;;;;;;;;;;;;;;;;;;;;;;;;;;
PROV1956;Roca Leon;;;;;;;;;;;;;;;;;;;;;;;;;;;
PROV1857;Aranho;;;;;;;;;;;;;;;;;;;;;;;;;;;
PROV1865;Aranho Ridge;;;;;;;;;;;;;;;;;;;;;;;;;;;
PROV1663;Bloodtalon;;;;;;;;;;;;;;;;;;;;;;;;;;;
PROV1603;Facocero;;;;;;;;;;;;;;;;;;;;;;;;;;;
PROV1517;Karthin;;;;;;;;;;;;;;;;;;;;;;;;;;;
PROV1495;Wingpoli;;;;;;;;;;;;;;;;;;;;;;;;;;;
PROV1458;Talcara;;;;;;;;;;;;;;;;;;;;;;;;;;;
PROV1496;Feathara;;;;;;;;;;;;;;;;;;;;;;;;;;;
PROV1516;Squarkona;;;;;;;;;;;;;;;;;;;;;;;;;;;
PROV1466;Spesso;;;;;;;;;;;;;;;;;;;;;;;;;;;
PROV1564;Asbolus;;;;;;;;;;;;;;;;;;;;;;;;;;;
PROV1713;Falcor;;;;;;;;;;;;;;;;;;;;;;;;;;;
PROV1539;Griffano;;;;;;;;;;;;;;;;;;;;;;;;;;;
PROV1050;Nordanborg;;;;;;;;;;;;;;;;;;;;;;;;;;;
PROV1061;Halmstad;;;;;;;;;;;;;;;;;;;;;;;;;;;
PROV1108;Old Dragon;;;;;;;;;;;;;;;;;;;;;;;;;;;
PROV1120;Bredo;;;;;;;;;;;;;;;;;;;;;;;;;;;
PROV1119;Bleakspire;;;;;;;;;;;;;;;;;;;;;;;;;;;
#Zebrica;;;;;;;;;;;;;;x
#############################################;;;;;;;;;;;;;;x
PROV2282;Rougues;;;;;;;;;;;;;;;;;;;;;;;;;;;
PROV2285;North Macaianas;;;;;;;;;;;;;;;;;;;;;;;;;;;
PROV2327;Southeast Macaianas;;;;;;;;;;;;;;;;;;;;;;;;;;;
PROV2352;Cisco;;;;;;;;;;;;;;;;;;;;;;;;;;;
PROV2312;Moscada;;;;;;;;;;;;;;;;;;;;;;;;;;;
PROV2273;Pombal;;;;;;;;;;;;;;;;;;;;;;;;;;;
PROV2270;Boca de Selva;;;;;;;;;;;;;;;;;;;;;;;;;;;
PROV2342;Grande Floresta;;;;;;;;;;;;;;;;;;;;;;;;;;;
PROV2384;Baia Listada;;;;;;;;;;;;;;;;;;;;;;;;;;;
PROV2422;Ilha Grande;;;;;;;;;;;;;;;;;;;;;;;;;;;
PROV2477;Macacaria;;;;;;;;;;;;;;;;;;;;;;;;;;;
PROV2516;Rio de Jandaia;;;;;;;;;;;;;;;;;;;;;;;;;;;
PROV2511;Sao Penario;;;;;;;;;;;;;;;;;;;;;;;;;;;
PROV2551;Porto Alto;;;;;;;;;;;;;;;;;;;;;;;;;;;
PROV2556;Entre-Rios;;;;;;;;;;;;;;;;;;;;;;;;;;;
PROV2495;Joao Papagaio;;;;;;;;;;;;;;;;;;;;;;;;;;;
PROV2562;Rinda;;;;;;;;;;;;;;;;;;;;;;;;;;;;
PROV2599;Pires do Mar;;;;;;;;;;;;;;;;;;;;;;;;;;;
PROV1038;Purrsia;;;;;;;;;;;;;;;;;;;;;;;;;;;
PROV2741;Brodershamn;;;;;;;;;;;;;;;;;;;;;;;;;;;
PROV2764;Cnoofsfort;;;;;;;;;;;;;;;;;;;;;;;;;;;
PROV2751;Ivorshall;;;;;;;;;;;;;;;;;;;;;;;;;;;
#Rivers and Lakes;;;;;;;;;;;;;;x
#############################################;;;;;;;;;;;;;;x
PROV651;Horseshoe Bay;;;;;;;;;;;;;;;;;;;;;;;;;;;
PROV350;Bluebell Lake;;;;;;;;;;;;;;;;;;;;;;;;;;;
PROV323;Diamond Lake;;;;;;;;;;;;;;;;;;;;;;;;;;;
PROV176;Luna Bay;;;;;;;;;;;;;;;;;;;;;;;;;;;
PROV228;Great Salt Lick;;;;;;;;;;;;;;;;;;;;;;;;;;;
PROV271;Mead Lake;;;;;;;;;;;;;;;;;;;;;;;;;;;
PROV2900;Tall River;;;;;;;;;;;;;;;;;;;;;;;;;;;
PROV3197;Grand Macintosh River;;;;;;;;;;;;;;;;;;;;;;;;;;;
PROV559;Eclipse Gulf;;;;;;;;;;;;;;;;;;;;;;;;;;;
PROV3043;Harmony River;;;;;;;;;;;;;;;;;;;;;;;;;;;
PROV3083;Hayston River;;;;;;;;;;;;;;;;;;;;;;;;;;;
PROV3151;Emerald River;;;;;;;;;;;;;;;;;;;;;;;;;;;
PROV1841;Corpse Bay;;;;;;;;;;;;;;;;;;;;;;;;;;;
PROV2004;Dead Sea;;;;;;;;;;;;;;;;;;;;;;;;;;;
PROV2034;Northern Dead Sea;;;;;;;;;;;;;;;;;;;;;;;;;;;
PROV1835;Eastern Sea of Corpses;;;;;;;;;;;;;;;;;;;;;;;;;;;
PROV1165;Western Sea of Corpses;;;;;;;;;;;;;;;;;;;;;;;;;;;
PROV1354;Central Sea of Corpses;;;;;;;;;;;;;;;;;;;;;;;;;;;
PROV768;Rocky Bay;;;;;;;;;;;;;;;;;;;;;;;;;;;
PROV681;Neigh York Bay;;;;;;;;;;;;;;;;;;;;;;;;;;;
PROV659;Delamare Bay;;;;;;;;;;;;;;;;;;;;;;;;;;;
PROV109;Manty Bay;;;;;;;;;;;;;;;;;;;;;;;;;;;
PROV338;White Gulf;;;;;;;;;;;;;;;;;;;;;;;;;;;
PROV2912;Severyana River;;;;;;;;;;;;;;;;;;;;;;;;;;;
PROV3227;Moonica River;;;;;;;;;;;;;;;;;;;;;;;;;;;
PROV2715;Danubray River;;;;;;;;;;;;;;;;;;;;;;;;;;;
PROV1648;Boiling River;;;;;;;;;;;;;;;;;;;;;;;;;;;
PROV1790;Lifelake;;;;;;;;;;;;;;;;;;;;;;;;;;;
PROV3236;Griffking River;;;;;;;;;;;;;;;;;;;;;;;;;;;
PROV286;Key Lake;;;;;;;;;;;;;;;;;;;;;;;;;;;
PROV2776;Ichor River;;;;;;;;;;;;;;;;;;;;;;;;;;;
PROV2248;Hug River;;;;;;;;;;;;;;;;;;;;;;;;;;;
PROV3178;Atoyac River;;;;;;;;;;;;;;;;;;;;;;;;;;;
PROV3239;Folino;;;;;;;;;;;;;;;;;;;;;;;;;;;
PROV3240;Evi River;;;;;;;;;;;;;;;;;;;;;;;;;;;
PROV3;Wic River;;;;;;;;;;;;;;;;;;;;;;;;;;;
PROV2973;Barrad River;;;;;;;;;;;;;;;;;;;;;;;;;;;
PROV1427;Agon River;;;;;;;;;;;;;;;;;;;;;;;;;;;
PROV2220;Amar River;;;;;;;;;;;;;;;;;;;;;;;;;;;
PROV2292;Pon River;;;;;;;;;;;;;;;;;;;;;;;;;;;
PROV1513;Skynavia Delta;;;;;;;;;;;;;;;;;;;;;;;;;;;
PROV1530;Glass River;;;;;;;;;;;;;;;;;;;;;;;;;;;
PROV2481;Vedina River;;;;;;;;;;;;;;;;;;;;;;;;;;;
PROV2977;Neighle River;;;;;;;;;;;;;;;;;;;;;;;;;;;
PROV116;Bagraza River;;;;;;;;;;;;;;;;;;;;;;;;;;;
PROV2378;Stag Creek;;;;;;;;;;;;;;;;;;;;;;;;;;;
PROV1948;Mahanadi River;;;;;;;;;;;;;;;;;;;;;;;;;;;
PROV1851;Great Mellifluve;;;;;;;;;;;;;;;;;;;;;;;;;;;
PROV1433;Carmine River;;;;;;;;;;;;;;;;;;;;;;;;;;;
PROV2856;Menuch River;;;;;;;;;;;;;;;;;;;;;;;;;;;
PROV2269;Tiger River;;;;;;;;;;;;;;;;;;;;;;;;;;;
PROV3110;Silent River;;;;;;;;;;;;;;;;;;;;;;;;;;;