province;red;green;blue;x;x
1;47;223;255; ;x
2;87;223;255; ;x
3;99;223;255; ;x
4;80;253;255; ;x
5;78;203;255; ;x
6;11;222;255; ;x
7;61;203;255; ;x
8;151;201;255; ;x
9;31;201;255; ;x
10;76;251;255; ;x
11;51;221;255; ;x
12;98;203;255; ;x
13;76;253;255; ;x
14;171;201;255; ;x
15;68;253;255; ;x
16;191;201;255; ;x
17;75;223;255; ;x
18;211;201;255; ;x
19;65;201;255; ;x
20;71;223;255; ;x
21;86;203;255; ;x
22;21;201;255; ;x
23;50;203;255; ;x
24;71;201;255; ;x
25;85;203;255; ;x
26;70;203;255; ;x
27;27;223;255; ;x
28;42;202;255; ;x
29;90;202;255; ;x
30;22;202;255; ;x
31;51;223;255; ;x
32;73;203;255; ;x
33;108;251;255; ;x
34;114;202;255; ;x
35;15;222;255; ;x
36;33;202;255; ;x
37;14;202;255; ;x
38;37;202;255; ;x
39;69;203;255; ;x
40;16;252;255; ;x
41;46;202;255; ;x
42;32;251;255; ;x
43;39;222;255; ;x
44;163;14;199; ;x
45;39;188;75; ;x
46;6;136;199; ;x
47;162;69;149; ;x
48;164;175;249; ;x
49;127;34;79; ;x
50;207;223;160; ;x
51;44;69;249; ;x
52;204;226;165; ;x
53;214;34;10; ;x
54;125;136;224; ;x
55;5;201;255; ;x
56;117;143;254; ;x
57;245;153;254; ;x
58;47;222;255; ;x
59;244;141;191; ;x
60;4;14;224; ;x
61;110;201;255; ;x
62;59;223;255; ;x
63;35;222;255; ;x
64;90;31;46; ;x
65;244;69;174; ;x
66;55;14;174; ;x
67;118;155;0; ;x
68;245;149;127; ;x
69;0;100;255; ;x
70;118;151;191; ;x
71;118;147;64; ;x
72;66;224;110; ;x
73;84;136;149; ;x
74;17;202;255; ;x
75;214;226;10; ;x
76;119;36;254; ;x
77;211;202;164; ;x
78;119;222;255; ;x
79;0;36;126; ;x
80;231;143;131; ;x
81;91;220;255; ;x
82;183;223;132; ;x
83;123;14;249; ;x
84;117;202;255; ;x
85;109;201;255; ;x
86;202;136;174; ;x
87;121;190;223; ;x
88;152;31;95; ;x
89;74;6;175; ;x
90;244;145;0; ;x
91;5;175;149; ;x
92;192;104;145; ;x
93;0;44;126; ;x
94;73;105;12; ;x
95;124;175;174; ;x
96;7;69;249; ;x
97;43;136;199; ;x
98;127;38;172; ;x
99;3;69;174; ;x
100;194;31;195; ;x
101;67;222;255; ;x
102;27;140;144; ;x
103;197;118;64; ;x
104;113;202;255; ;x
105;0;40;32; ;x
106;204;14;149; ;x
107;36;252;255; ;x
108;209;55;24; ;x
109;70;116;0; ;x
110;6;15;95; ;x
111;104;54;245; ;x
112;131;16;46; ;x
113;112;251;255; ;x
114;163;194;138; ;x
115;113;0;243; ;x
116;166;37;46; ;x
117;41;15;95; ;x
118;245;14;224; ;x
119;197;122;191; ;x
120;70;120;127; ;x
121;127;42;79; ;x
122;113;201;255; ;x
123;240;82;191; ;x
124;89;202;255; ;x
125;245;157;64; ;x
126;105;202;255; ;x
127;106;116;64; ;x
128;55;222;255; ;x
129;45;202;255; ;x
130;112;0;239; ;x
131;235;78;0; ;x
132;83;175;224; ;x
133;212;212;95; ;x
134;128;46;172; ;x
135;57;202;255; ;x
136;44;252;255; ;x
137;202;62;172; ;x
138;202;28;28; ;x
139;161;136;224; ;x
140;193;234;0; ;x
141;30;202;255; ;x
142;70;202;255; ;x
143;29;202;255; ;x
144;54;202;255; ;x
145;233;110;191; ;x
146;49;202;255; ;x
147;82;14;174; ;x
148;116;131;191; ;x
149;43;142;200; ;x
150;118;32;127; ;x
151;111;221;255; ;x
152;83;119;195; ;x
153;165;19;60; ;x
154;117;135;0; ;x
155;233;181;194; ;x
156;243;126;0; ;x
157;106;112;254; ;x
158;124;251;255; ;x
159;68;252;255; ;x
160;0;0;255; ;x
161;184;66;79; ;x
162;122;69;199; ;x
163;42;72;200; ;x
164;233;114;0; ;x
165;128;50;79; ;x
166;243;136;249; ;x
167;211;199;121; ;x
168;80;134;107; ;x
169;195;122;202; ;x
170;166;185;36; ;x
171;87;31;144; ;x
172;1;56;32; ;x
173;68;224;26; ;x
174;241;14;149; ;x
175;40;84;126; ;x
176;201;175;249; ;x
177;30;80;221; ;x
178;69;31;245; ;x
179;114;100;127; ;x
180;50;202;255; ;x
181;52;252;255; ;x
182;53;202;255; ;x
183;232;106;64; ;x
184;7;222;255; ;x
185;83;222;255; ;x
186;71;222;255; ;x
187;150;231;255; ;x
188;114;104;254; ;x
189;71;139;127; ;x
190;113;88;64; ;x
191;139;214;23; ;x
192;242;106;0; ;x
193;241;98;64; ;x
194;31;124;26; ;x
195;120;251;255; ;x
196;133;122;79; ;x
197;25;190;46; ;x
198;202;229;177; ;x
199;238;224;105; ;x
200;128;54;172; ;x
201;152;137;79; ;x
202;218;209;106; ;x
203;241;102;191; ;x
204;240;90;127; ;x
205;224;45;45; ;x
206;194;44;139; ;x
207;240;69;224; ;x
208;109;41;245; ;x
209;43;51;195; ;x
210;116;120;127; ;x
211;232;98;127; ;x
212;104;124;245; ;x
213;168;2;144; ;x
214;154;5;120; ;x
215;51;222;255; ;x
216;212;84;63; ;x
217;114;96;0; ;x
218;247;136;199; ;x
219;1;48;32; ;x
220;45;116;57; ;x
221;1;52;126; ;x
222;160;136;249; ;x
223;238;49;105; ;x
224;216;163;163; ;x
225;153;149;172; ;x
226;146;197;248; ;x
227;5;202;255; ;x
228;20;60;126; ;x
229;233;118;127; ;x
230;202;49;78; ;x
231;235;170;15; ;x
232;137;58;45; ;x
233;128;169;175; ;x
234;207;230;17; ;x
235;226;204;161; ;x
236;25;202;255; ;x
237;20;56;32; ;x
238;191;102;233; ;x
239;80;136;199; ;x
240;53;202;7; ;x
241;12;148;187; ;x
242;20;64;32; ;x
243;25;131;126; ;x
244;139;130;195; ;x
245;80;60;47; ;x
246;121;69;224; ;x
247;145;145;245; ;x
248;66;175;224; ;x
249;43;222;255; ;x
250;131;90;79; ;x
251;48;252;255; ;x
252;198;150;121; ;x
253;78;108;126; ;x
254;240;86;0; ;x
255;122;231;144; ;x
256;158;120;97; ;x
257;226;10;66; ;x
258;69;202;255; ;x
259;119;153;245; ;x
260;153;145;79; ;x
261;160;130;245; ;x
262;228;186;218; ;x
263;243;122;191; ;x
264;202;41;95; ;x
265;133;53;105; ;x
266;218;84;58; ;x
267;126;69;149; ;x
268;62;45;144; ;x
269;244;137;64; ;x
270;44;224;91; ;x
271;147;58;79; ;x
272;117;139;127; ;x
273;184;226;195; ;x
274;27;142;57; ;x
275;161;29;131; ;x
276;72;80;35; ;x
277;10;202;255; ;x
278;133;126;172; ;x
279;35;0;255; ;x
280;22;32;144; ;x
281;147;62;172; ;x
282;208;218;144; ;x
283;222;235;112; ;x
284;218;32;188; ;x
285;4;92;126; ;x
286;58;179;32; ;x
287;223;44;144; ;x
288;106;120;191; ;x
289;4;252;255; ;x
290;111;31;95; ;x
291;130;86;172; ;x
292;241;94;254; ;x
293;127;20;144; ;x
294;106;108;127; ;x
295;189;100;195; ;x
296;128;136;174; ;x
297;10;121;46; ;x
298;202;13;177; ;x
299;35;220;46; ;x
300;80;127;32; ;x
301;8;252;255; ;x
302;4;100;126; ;x
303;116;124;254; ;x
304;236;133;252; ;x
305;213;133;155; ;x
306;234;158;33; ;x
307;129;62;172; ;x
308;40;69;174; ;x
309;16;19;95; ;x
310;221;161;157; ;x
311;242;114;254; ;x
312;243;129;127; ;x
313;37;0;255; ;x
314;131;98;79; ;x
315;192;138;95; ;x
316;98;31;195; ;x
317;68;69;199; ;x
318;154;76;12; ;x
319;110;0;231; ;x
320;115;116;0; ;x
321;218;32;189; ;x
322;191;200;46; ;x
323;149;104;224; ;x
324;133;118;172; ;x
325;68;100;127; ;x
326;88;252;255; ;x
327;154;157;172; ;x
328;3;84;126; ;x
329;221;175;35; ;x
330;147;160;95; ;x
331;116;127;64; ;x
332;27;155;126; ;x
333;218;32;187; ;x
334;30;76;126; ;x
335;25;31;245; ;x
336;248;69;249; ;x
337;203;74;79; ;x
338;206;149;213; ;x
339;223;105;71; ;x
340;113;84;254; ;x
341;80;131;126; ;x
342;3;80;32; ;x
343;85;202;255; ;x
344;72;252;255; ;x
345;147;242;181; ;x
346;132;106;79; ;x
347;121;161;207; ;x
348;242;110;127; ;x
349;25;13;70; ;x
350;2;69;199; ;x
351;103;131;223; ;x
352;29;203;255; ;x
353;89;69;149; ;x
354;21;0;255; ;x
355;1;136;149; ;x
356;128;58;79; ;x
357;199;159;82; ;x
358;111;0;235; ;x
359;203;69;224; ;x
360;226;54;54; ;x
361;244;31;195; ;x
362;5;108;126; ;x
363;29;64;32; ;x
364;61;175;174; ;x
365;218;32;190; ;x
366;52;80;119; ;x
367;1;0;144; ;x
368;80;135;32; ;x
369;20;130;46; ;x
370;81;143;32; ;x
371;242;118;64; ;x
372;6;127;32; ;x
373;247;247;95; ;x
374;163;210;155; ;x
375;77;96;32; ;x
376;56;31;95; ;x
377;13;88;32; ;x
378;218;32;123; ;x
379;132;110;172; ;x
380;218;32;192; ;x
381;136;169;36; ;x
382;244;133;254; ;x
383;173;230;144; ;x
384;3;222;255; ;x
385;85;91;46; ;x
386;26;228;50; ;x
387;147;66;79; ;x
388;69;14;249; ;x
389;200;175;149; ;x
390;130;78;172; ;x
391;211;54;121; ;x
392;97;38;73; ;x
393;129;66;79; ;x
394;3;76;126; ;x
395;218;32;191; ;x
396;2;136;249; ;x
397;182;127;212; ;x
398;170;64;58; ;x
399;27;0;255; ;x
400;6;116;126; ;x
401;234;151;195; ;x
402;168;175;199; ;x
403;130;74;79; ;x
404;218;32;122; ;x
405;132;102;172; ;x
406;101;199;35; ;x
407;5;104;32; ;x
408;115;108;64; ;x
409;48;31;195; ;x
410;26;147;126; ;x
411;79;222;255; ;x
412;239;31;195; ;x
413;131;94;172; ;x
414;27;36;126; ;x
415;187;199;56; ;x
416;134;52;103; ;x
417;91;222;255; ;x
418;107;221;255; ;x
419;4;88;32; ;x
420;87;165;168; ;x
421;154;34;79; ;x
422;201;14;174; ;x
423;204;94;172; ;x
424;78;202;255; ;x
425;114;125;228; ;x
426;218;32;186; ;x
427;116;45;89; ;x
428;192;75;147; ;x
429;218;190;83; ;x
430;129;70;172; ;x
431;243;230;144; ;x
432;33;0;255; ;x
433;25;127;32; ;x
434;70;160;46; ;x
435;102;202;255; ;x
436;7;131;126; ;x
437;82;175;149; ;x
438;208;14;224; ;x
439;184;226;40; ;x
440;17;130;144; ;x
441;64;119;245; ;x
442;218;32;121; ;x
443;87;222;255; ;x
444;25;135;32; ;x
445;181;200;46; ;x
446;230;183;20; ;x
447;7;139;126; ;x
448;240;14;174; ;x
449;28;44;126; ;x
450;154;38;172; ;x
451;4;96;32; ;x
452;139;32;247; ;x
453;105;0;231; ;x
454;28;0;255; ;x
455;241;69;199; ;x
456;12;252;255; ;x
457;155;42;79; ;x
458;76;80;32; ;x
459;2;202;255; ;x
460;19;52;126; ;x
461;77;131;144; ;x
462;5;112;32; ;x
463;26;143;32; ;x
464;22;0;255; ;x
465;10;48;32; ;x
466;77;30;58; ;x
467;244;120;6; ;x
468;241;254;46; ;x
469;8;14;174; ;x
470;173;68;131; ;x
471;153;60;117; ;x
472;215;31;245; ;x
473;130;82;79; ;x
474;218;32;194; ;x
475;135;209;147; ;x
476;175;180;245; ;x
477;218;32;120; ;x
478;9;175;224; ;x
479;29;56;32; ;x
480;106;12;95; ;x
481;120;109;127; ;x
482;150;160;245; ;x
483;218;32;193; ;x
484;231;200;46; ;x
485;28;40;32; ;x
486;177;3;95; ;x
487;112;163;144; ;x
488;204;98;79; ;x
489;232;94;0; ;x
490;134;137;79; ;x
491;88;136;224; ;x
492;105;9;159; ;x
493;146;54;172; ;x
494;120;2;231; ;x
495;139;82;79; ;x
496;108;0;243; ;x
497;201;201;46; ;x
498;218;32;85; ;x
499;164;42;79; ;x
500;125;4;235; ;x
501;171;190;46; ;x
502;135;40;113; ;x
503;102;93;109; ;x
504;152;129;79; ;x
505;233;31;144; ;x
506;167;14;149; ;x
507;11;51;95; ;x
508;75;222;255; ;x
509;81;151;32; ;x
510;213;230;144; ;x
511;218;32;119; ;x
512;102;178;144; ;x
513;218;32;57; ;x
514;218;32;195; ;x
515;209;34;79; ;x
516;155;50;79; ;x
517;13;92;126; ;x
518;28;48;32; ;x
519;107;0;239; ;x
520;118;130;195; ;x
521;218;32;118; ;x
522;20;252;255; ;x
523;129;8;239; ;x
524;218;32;198; ;x
525;134;129;79; ;x
526;180;200;245; ;x
527;134;16;243; ;x
528;218;32;199; ;x
529;65;60;70; ;x
530;136;28;46; ;x
531;239;136;174; ;x
532;4;51;245; ;x
533;136;42;79; ;x
534;218;32;201; ;x
535;7;130;144; ;x
536;88;38;195; ;x
537;218;32;58; ;x
538;76;84;126; ;x
539;81;69;249; ;x
540;155;46;172; ;x
541;218;32;53; ;x
542;135;157;245; ;x
543;83;76;90; ;x
544;142;126;172; ;x
545;218;32;84; ;x
546;40;252;255; ;x
547;156;66;79; ;x
548;149;127;235; ;x
549;218;32;54; ;x
550;152;126;172; ;x
551;31;64;95; ;x
552;6;120;32; ;x
553;116;3;95; ;x
554;169;132;191; ;x
555;218;32;116; ;x
556;216;130;46; ;x
557;132;114;79; ;x
558;218;32;47; ;x
559;218;32;51; ;x
560;3;31;195; ;x
561;13;202;255; ;x
562;127;221;255; ;x
563;76;76;126; ;x
564;140;94;172; ;x
565;138;62;172; ;x
566;140;90;79; ;x
567;127;100;143; ;x
568;78;43;64; ;x
569;84;66;96; ;x
570;218;32;113; ;x
571;218;32;52; ;x
572;58;84;126; ;x
573;29;166;101; ;x
574;30;80;32; ;x
575;91;2;95; ;x
576;97;12;144; ;x
577;163;12;144; ;x
578;47;44;51; ;x
579;121;136;149; ;x
580;153;242;144; ;x
581;218;32;200; ;x
582;218;32;49; ;x
583;135;149;172; ;x
584;238;18;144; ;x
585;203;78;172; ;x
586;195;31;245; ;x
587;12;72;32; ;x
588;246;175;149; ;x
589;178;218;144; ;x
590;207;69;174; ;x
591;12;80;32; ;x
592;127;14;199; ;x
593;105;6;159; ;x
594;72;72;66; ;x
595;100;3;46; ;x
596;28;170;195; ;x
597;137;50;79; ;x
598;138;70;172; ;x
599;136;75;112; ;x
600;156;54;172; ;x
601;160;221;255; ;x
602;101;202;255; ;x
603;218;32;205; ;x
604;210;31;245; ;x
605;156;163;46; ;x
606;74;15;245; ;x
607;28;52;126; ;x
608;190;148;215; ;x
609;157;114;95; ;x
610;69;104;254; ;x
611;218;32;202; ;x
612;22;92;126; ;x
613;37;6;144; ;x
614;103;222;255; ;x
615;46;230;95; ;x
616;218;32;48; ;x
617;139;78;172; ;x
618;7;135;32; ;x
619;132;230;95; ;x
620;162;190;95; ;x
621;218;32;115; ;x
622;67;136;149; ;x
623;11;68;126; ;x
624;80;31;46; ;x
625;162;77;87; ;x
626;101;31;95; ;x
627;87;175;174; ;x
628;12;76;126; ;x
629;218;32;46; ;x
630;11;64;32; ;x
631;218;32;50; ;x
632;218;32;114; ;x
633;156;62;172; ;x
634;148;116;167; ;x
635;142;19;95; ;x
636;212;165;239; ;x
637;55;10;40; ;x
638;154;12;159; ;x
639;35;39;55; ;x
640;218;32;204; ;x
641;218;32;206; ;x
642;94;63;139; ;x
643;74;53;197; ;x
644;199;31;195; ;x
645;218;32;111; ;x
646;107;83;120; ;x
647;134;141;172; ;x
648;113;130;195; ;x
649;106;201;255; ;x
650;196;106;0; ;x
651;140;98;79; ;x
652;218;32;203; ;x
653;100;253;255; ;x
654;236;31;46; ;x
655;164;146;249; ;x
656;2;72;32; ;x
657;14;104;32; ;x
658;157;173;79; ;x
659;120;175;224; ;x
660;218;32;56; ;x
661;218;32;109; ;x
662;104;0;247; ;x
663;141;31;46; ;x
664;30;68;126; ;x
665;149;86;172; ;x
666;14;100;126; ;x
667;218;32;40; ;x
668;135;153;79; ;x
669;206;118;172; ;x
670;170;31;245; ;x
671;52;131;0; ;x
672;136;38;172; ;x
673;75;4;40; ;x
674;218;32;108; ;x
675;142;114;79; ;x
676;193;91;105; ;x
677;19;48;32; ;x
678;108;31;195; ;x
679;29;253;126; ;x
680;8;151;32; ;x
681;63;222;255; ;x
682;218;32;207; ;x
683;218;32;196; ;x
684;59;131;245; ;x
685;166;69;224; ;x
686;160;175;174; ;x
687;218;32;45; ;x
688;67;200;144; ;x
689;146;42;79; ;x
690;18;155;126; ;x
691;93;201;255; ;x
692;226;200;46; ;x
693;129;129;195; ;x
694;218;32;42; ;x
695;218;32;112; ;x
696;144;64;231; ;x
697;218;32;87; ;x
698;102;47;54; ;x
699;32;64;144; ;x
700;190;123;245; ;x
701;62;136;249; ;x
702;218;32;106; ;x
703;6;124;126; ;x
704;141;106;79; ;x
705;69;108;64; ;x
706;0;14;149; ;x
707;218;32;110; ;x
708;23;31;195; ;x
709;45;130;46; ;x
710;1;175;199; ;x
711;156;58;79; ;x
712;9;36;126; ;x
713;105;11;120; ;x
714;145;157;172; ;x
715;138;66;79; ;x
716;223;105;120; ;x
717;254;119;136; ;x
718;206;122;79; ;x
719;128;31;144; ;x
720;218;32;55; ;x
721;141;102;172; ;x
722;218;32;107; ;x
723;218;32;43; ;x
724;20;0;255; ;x
725;218;32;44; ;x
726;218;32;34; ;x
727;225;41;245; ;x
728;17;151;32; ;x
729;242;175;199; ;x
730;147;125;95; ;x
731;153;141;172; ;x
732;218;32;117; ;x
733;218;32;215; ;x
734;134;133;172; ;x
735;218;32;209; ;x
736;31;0;255; ;x
737;21;202;255; ;x
738;159;14;249; ;x
739;140;86;172; ;x
740;138;11;144; ;x
741;132;62;72; ;x
742;139;74;79; ;x
743;218;32;90; ;x
744;10;44;126; ;x
745;94;202;255; ;x
746;121;160;95; ;x
747;218;32;18; ;x
748;23;0;255; ;x
749;55;130;46; ;x
750;12;84;126; ;x
751;8;143;32; ;x
752;218;32;104; ;x
753;74;142;77; ;x
754;193;93;130; ;x
755;218;32;35; ;x
756;95;122;46; ;x
757;26;53;83; ;x
758;218;32;30; ;x
759;219;44;195; ;x
760;95;227;200; ;x
761;2;68;126; ;x
762;65;132;46; ;x
763;66;13;95; ;x
764;38;0;255; ;x
765;196;102;191; ;x
766;183;31;144; ;x
767;218;32;105; ;x
768;218;32;89; ;x
769;8;155;126; ;x
770;52;182;144; ;x
771;10;56;32; ;x
772;144;153;79; ;x
773;93;202;255; ;x
774;38;44;195; ;x
775;218;32;197; ;x
776;218;32;210; ;x
777;16;131;126; ;x
778;19;222;255; ;x
779;125;31;46; ;x
780;41;14;224; ;x
781;14;108;126; ;x
782;218;32;211; ;x
783;205;153;245; ;x
784;137;46;172; ;x
785;209;157;172; ;x
786;185;78;172; ;x
787;2;60;126; ;x
788;143;129;79; ;x
789;133;31;144; ;x
790;218;32;216; ;x
791;13;96;32; ;x
792;200;14;199; ;x
793;218;32;29; ;x
794;199;69;149; ;x
795;8;147;126; ;x
796;34;122;245; ;x
797;218;32;41; ;x
798;203;82;79; ;x
799;92;252;255; ;x
800;92;251;255; ;x
801;143;137;79; ;x
802;218;32;16; ;x
803;103;21;195; ;x
804;52;124;64; ;x
805;187;190;95; ;x
806;62;202;255; ;x
807;218;32;86; ;x
808;218;32;39; ;x
809;218;32;32; ;x
810;222;131;95; ;x
811;104;180;255; ;x
812;22;100;123; ;x
813;218;32;91; ;x
814;79;130;245; ;x
815;77;202;255; ;x
816;32;0;255; ;x
817;9;40;32; ;x
818;218;32;33; ;x
819;94;48;245; ;x
820;95;221;255; ;x
821;218;32;13; ;x
822;2;64;32; ;x
823;136;34;79; ;x
824;228;31;144; ;x
825;191;101;46; ;x
826;240;101;245; ;x
827;65;7;40; ;x
828;179;126;127; ;x
829;76;1;95; ;x
830;218;32;1; ;x
831;221;47;29; ;x
832;100;252;255; ;x
833;207;198;95; ;x
834;196;114;254; ;x
835;218;32;93; ;x
836;143;133;172; ;x
837;58;1;195; ;x
838;14;0;255; ;x
839;39;72;32; ;x
840;218;32;214; ;x
841;148;74;79; ;x
842;218;32;217; ;x
843;218;32;0; ;x
844;195;98;64; ;x
845;154;153;79; ;x
846;50;130;46; ;x
847;74;202;255; ;x
848;59;222;255; ;x
849;165;31;245; ;x
850;218;32;14; ;x
851;218;32;10; ;x
852;58;88;127; ;x
853;218;32;36; ;x
854;218;32;31; ;x
855;218;32;28; ;x
856;14;112;32; ;x
857;15;116;126; ;x
858;144;254;195; ;x
859;176;86;127; ;x
860;150;110;172; ;x
861;218;32;88; ;x
862;16;127;32; ;x
863;218;32;223; ;x
864;218;32;100; ;x
865;196;110;127; ;x
866;174;43;195; ;x
867;81;200;255; ;x
868;218;32;102; ;x
869;218;32;2; ;x
870;212;74;79; ;x
871;23;108;126; ;x
872;180;133;64; ;x
873;9;32;32; ;x
874;24;120;32; ;x
875;13;31;195; ;x
876;149;94;172; ;x
877;58;202;255; ;x
878;218;32;4; ;x
879;144;145;79; ;x
880;82;31;144; ;x
881;218;32;213; ;x
882;218;32;95; ;x
883;151;122;79; ;x
884;26;202;255; ;x
885;218;32;15; ;x
886;218;32;37; ;x
887;40;61;46; ;x
888;61;31;95; ;x
889;18;36;126; ;x
890;218;32;27; ;x
891;73;112;195; ;x
892;151;118;172; ;x
893;246;130;46; ;x
894;218;32;218; ;x
895;19;221;255; ;x
896;196;196;46; ;x
897;220;143;245; ;x
898;207;197;117; ;x
899;142;118;172; ;x
900;154;2;120; ;x
901;142;122;79; ;x
902;14;129;245; ;x
903;205;175;199; ;x
904;123;221;255; ;x
905;218;32;220; ;x
906;111;61;95; ;x
907;235;51;245; ;x
908;218;32;212; ;x
909;198;231;144; ;x
910;237;243;95; ;x
911;165;136;174; ;x
912;49;140;245; ;x
913;198;133;254; ;x
914;10;52;126; ;x
915;217;26;95; ;x
916;58;80;191; ;x
917;73;202;255; ;x
918;218;32;26; ;x
919;218;32;103; ;x
920;218;32;6; ;x
921;218;32;17; ;x
922;22;88;32; ;x
923;218;32;99; ;x
924;148;82;79; ;x
925;136;157;172; ;x
926;32;108;0; ;x
927;8;121;195; ;x
928;47;1;144; ;x
929;62;203;255; ;x
930;106;0;235; ;x
931;218;32;101; ;x
932;218;32;12; ;x
933;218;32;9; ;x
934;148;122;144; ;x
935;17;143;32; ;x
936;17;147;126; ;x
937;145;34;79; ;x
938;26;203;255; ;x
939;218;32;221; ;x
940;218;32;3; ;x
941;61;202;255; ;x
942;218;32;24; ;x
943;218;32;219; ;x
944;254;112;90; ;x
945;87;221;255; ;x
946;218;32;97; ;x
947;24;124;126; ;x
948;107;31;144; ;x
949;229;31;195; ;x
950;69;112;191; ;x
951;55;1;80; ;x
952;148;185;148; ;x
953;172;198;95; ;x
954;154;8;120; ;x
955;135;145;79; ;x
956;86;140;95; ;x
957;24;112;32; ;x
958;15;120;32; ;x
959;114;0;247; ;x
960;18;32;32; ;x
961;218;32;11; ;x
962;105;3;159; ;x
963;74;203;255; ;x
964;144;149;172; ;x
965;16;139;126; ;x
966;218;32;5; ;x
967;218;32;8; ;x
968;116;251;255; ;x
969;21;80;32; ;x
970;94;203;255; ;x
971;211;214;46; ;x
972;159;106;254; ;x
973;115;103;174; ;x
974;16;135;32; ;x
975;138;58;79; ;x
976;149;90;79; ;x
977;96;252;255; ;x
978;185;82;79; ;x
979;133;195;130; ;x
980;95;222;255; ;x
981;62;135;64; ;x
982;218;32;25; ;x
983;241;90;38; ;x
984;114;201;255; ;x
985;218;32;23; ;x
986;218;32;98; ;x
987;236;230;46; ;x
988;186;221;46; ;x
989;71;193;95; ;x
990;105;201;255; ;x
991;2;130;144; ;x
992;197;126;0; ;x
993;218;32;222; ;x
994;141;110;172; ;x
995;42;200;255; ;x
996;144;141;172; ;x
997;218;32;19; ;x
998;218;32;92; ;x
999;58;76;126; ;x
1000;144;150;211; ;x
1001;79;223;255; ;x
1002;218;32;7; ;x
1003;199;134;254; ;x
1004;113;82;40; ;x
1005;218;32;22; ;x
1006;94;201;255; ;x
1007;102;201;255; ;x
1008;18;40;32; ;x
1009;5;201;46; ;x
1010;146;50;79; ;x
1011;70;127;64; ;x
1012;19;44;126; ;x
1013;71;135;0; ;x
1014;52;127;191; ;x
1015;29;41;245; ;x
1016;19;130;245; ;x
1017;110;1;46; ;x
1018;211;14;89; ;x
1019;200;24;126; ;x
1020;124;130;245; ;x
1021;214;154;85; ;x
1022;61;124;0; ;x
1023;99;222;255; ;x
1024;81;202;255; ;x
1025;60;252;255; ;x
1026;56;52;254; ;x
1027;24;252;255; ;x
1028;254;21;244; ;x
1029;91;4;48; ;x
1030;97;202;255; ;x
1031;232;111;95; ;x
1032;55;14;120; ;x
1033;39;54;254; ;x
1034;37;44;126; ;x
1035;214;2;195; ;x
1036;119;221;255; ;x
1037;234;122;254; ;x
1038;198;137;64; ;x
1039;154;31;195; ;x
1040;198;129;127; ;x
1041;22;96;32; ;x
1042;22;84;126; ;x
1043;167;82;79; ;x
1044;218;32;96; ;x
1045;169;31;195; ;x
1046;219;217;83; ;x
1047;32;96;254; ;x
1048;159;102;127; ;x
1049;166;74;79; ;x
1050;166;78;172; ;x
1051;165;62;172; ;x
1052;25;200;255; ;x
1053;218;32;20; ;x
1054;148;78;172; ;x
1055;71;131;191; ;x
1056;101;125;54; ;x
1057;228;22;80; ;x
1058;21;72;32; ;x
1059;164;72;136; ;x
1060;187;102;18; ;x
1061;90;201;255; ;x
1062;159;138;156; ;x
1063;218;26;16; ;x
1064;150;98;79; ;x
1065;93;0;255; ;x
1066;23;100;126; ;x
1067;34;203;255; ;x
1068;15;124;126; ;x
1069;44;130;245; ;x
1070;104;252;255; ;x
1071;145;38;172; ;x
1072;112;120;147; ;x
1073;234;126;64; ;x
1074;183;50;191; ;x
1075;151;1;46; ;x
1076;59;82;37; ;x
1077;21;76;126; ;x
1078;75;64;32; ;x
1079;234;129;191; ;x
1080;218;32;21; ;x
1081;127;180;95; ;x
1082;115;221;255; ;x
1083;115;140;46; ;x
1084;118;201;255; ;x
1085;57;72;254; ;x
1086;54;32;254; ;x
1087;62;206;255; ;x
1088;98;201;255; ;x
1089;243;220;130; ;x
1090;117;201;255; ;x
1091;219;137;41; ;x
1092;107;127;127; ;x
1093;193;213;144; ;x
1094;39;76;126; ;x
1095;146;46;172; ;x
1096;159;109;156; ;x
1097;28;77;216; ;x
1098;26;3;95; ;x
1099;186;207;10; ;x
1100;107;124;0; ;x
1101;234;133;0; ;x
1102;150;102;172; ;x
1103;111;52;191; ;x
1104;148;70;172; ;x
1105;38;60;126; ;x
1106;89;121;245; ;x
1107;199;92;20; ;x
1108;77;203;255; ;x
1109;254;90;202; ;x
1110;94;144;165; ;x
1111;57;64;0; ;x
1112;94;200;255; ;x
1113;148;182;180; ;x
1114;189;72;96; ;x
1115;181;153;64; ;x
1116;101;201;255; ;x
1117;68;1;195; ;x
1118;198;141;172; ;x
1119;236;42;10; ;x
1120;130;101;245; ;x
1121;213;230;24; ;x
1122;29;124;255; ;x
1123;121;201;255; ;x
1124;216;231;114; ;x
1125;26;200;255; ;x
1126;99;221;255; ;x
1127;129;104;223; ;x
1128;21;102;200; ;x
1129;184;70;191; ;x
1130;78;100;64; ;x
1131;70;124;254; ;x
1132;20;68;126; ;x
1133;132;105;214; ;x
1134;58;88;179; ;x
1135;127;84;163; ;x
1136;254;16;40; ;x
1137;52;123;87; ;x
1138;130;210;133; ;x
1139;181;149;254; ;x
1140;33;203;255; ;x
1141;231;204;201; ;x
1142;52;120;254; ;x
1143;80;252;255; ;x
1144;107;131;254; ;x
1145;34;200;255; ;x
1146;56;48;127; ;x
1147;49;195;123; ;x
1148;37;200;255; ;x
1149;46;201;255; ;x
1150;183;58;127; ;x
1151;153;215;221; ;x
1152;97;56;207; ;x
1153;130;201;255; ;x
1154;195;164;91; ;x
1155;67;223;255; ;x
1156;17;137;94; ;x
1157;0;124;193; ;x
1158;35;220;255; ;x
1159;31;209;90; ;x
1160;176;235;52; ;x
1161;217;228;92; ;x
1162;108;135;64; ;x
1163;54;151;0; ;x
1164;78;104;191; ;x
1165;75;229;255; ;x
1166;93;200;255; ;x
1167;207;20;174; ;x
1168;61;224;80; ;x
1169;53;199;194; ;x
1170;103;221;255; ;x
1171;0;120;94; ;x
1172;159;77;209; ;x
1173;62;16;190; ;x
1174;22;200;255; ;x
1175;85;173;168; ;x
1176;50;200;255; ;x
1177;204;98;0; ;x
1178;71;147;48; ;x
1179;235;137;127; ;x
1180;44;251;255; ;x
1181;200;42;127; ;x
1182;230;127;43; ;x
1183;96;251;255; ;x
1184;180;124;124; ;x
1185;134;141;79; ;x
1186;176;170;134; ;x
1187;95;0;231; ;x
1188;108;139;191; ;x
1189;53;203;255; ;x
1190;184;62;254; ;x
1191;56;202;20; ;x
1192;31;220;255; ;x
1193;162;194;164; ;x
1194;156;34;114; ;x
1195;176;115;49; ;x
1196;208;226;59; ;x
1197;168;170;101; ;x
1198;178;64;89; ;x
1199;42;120;32; ;x
1200;3;195;127; ;x
1201;35;147;0; ;x
1202;238;54;254; ;x
1203;130;78;191; ;x
1204;97;201;255; ;x
1205;218;202;71; ;x
1206;0;251;255; ;x
1207;136;253;255; ;x
1208;235;202;22; ;x
1209;179;129;254; ;x
1210;239;70;127; ;x
1211;33;200;255; ;x
1212;83;46;200; ;x
1213;34;131;127; ;x
1214;151;146;85; ;x
1215;88;251;255; ;x
1216;96;0;235; ;x
1217;185;153;125; ;x
1218;84;252;255; ;x
1219;170;122;79; ;x
1220;238;220;25; ;x
1221;230;146;101; ;x
1222;199;152;63; ;x
1223;117;200;255; ;x
1224;21;200;255; ;x
1225;30;200;255; ;x
1226;200;190;168; ;x
1227;72;253;255; ;x
1228;56;60;191; ;x
1229;163;153;191; ;x
1230;43;220;255; ;x
1231;36;151;127; ;x
1232;179;126;172; ;x
1233;236;44;0; ;x
1234;235;141;254; ;x
1235;176;112;53; ;x
1236;86;201;255; ;x
1237;202;66;254; ;x
1238;98;202;255; ;x
1239;155;171;45; ;x
1240;211;118;56; ;x
1241;237;16;102; ;x
1242;81;144;18; ;x
1243;136;75;113; ;x
1244;162;149;64; ;x
1245;219;22;22; ;x
1246;37;247;32; ;x
1247;226;31;59; ;x
1248;7;223;255; ;x
1249;179;122;0; ;x
1250;53;135;127; ;x
1251;108;143;0; ;x
1252;185;74;52; ;x
1253;129;66;127; ;x
1254;235;145;64; ;x
1255;231;196;34; ;x
1256;15;201;255; ;x
1257;184;240;201; ;x
1258;78;112;127; ;x
1259;105;225;255; ;x
1260;224;222;19; ;x
1261;138;22;59; ;x
1262;32;250;255; ;x
1263;58;200;255; ;x
1264;48;171;32; ;x
1265;212;56;56; ;x
1266;82;202;255; ;x
1267;254;14;59; ;x
1268;108;80;212; ;x
1269;162;145;254; ;x
1270;112;64;254; ;x
1271;181;157;191; ;x
1272;89;201;255; ;x
1273;187;227;232; ;x
1274;73;18;168; ;x
1275;34;202;255; ;x
1276;81;81;254; ;x
1277;23;220;255; ;x
1278;91;223;255; ;x
1279;108;147;127; ;x
1280;127;187;22; ;x
1281;46;200;255; ;x
1282;56;16;31; ;x
1283;233;27;27; ;x
1284;236;153;0; ;x
1285;172;149;172; ;x
1286;84;251;255; ;x
1287;0;120;91; ;x
1288;16;0;255; ;x
1289;35;143;191; ;x
1290;180;48;131; ;x
1291;158;90;64; ;x
1292;240;203;106; ;x
1293;251;182;112; ;x
1294;51;88;195; ;x
1295;218;23;88; ;x
1296;94;52;212; ;x
1297;53;143;64; ;x
1298;180;137;191; ;x
1299;29;64;191; ;x
1300;55;36;64; ;x
1301;55;220;255; ;x
1302;221;69;44; ;x
1303;202;184;45; ;x
1304;20;250;255; ;x
1305;224;223;173; ;x
1306;127;185;98; ;x
1307;202;124;124; ;x
1308;237;42;55; ;x
1309;159;91;131; ;x
1310;237;42;191; ;x
1311;3;80;255; ;x
1312;17;200;255; ;x
1313;9;115;186; ;x
1314;218;44;97; ;x
1315;249;202;223; ;x
1316;109;32;191; ;x
1317;180;38;38; ;x
1318;31;235;55; ;x
1319;164;46;172; ;x
1320;55;44;0; ;x
1321;182;34;0; ;x
1322;129;85;171; ;x
1323;53;200;255; ;x
1324;153;145;0; ;x
1325;216;40;127; ;x
1326;69;104;32; ;x
1327;212;230;177; ;x
1328;124;22;149; ;x
1329;156;62;127; ;x
1330;236;149;191; ;x
1331;48;253;255; ;x
1332;67;84;126; ;x
1333;109;151;254; ;x
1334;13;92;254; ;x
1335;240;78;64; ;x
1336;110;40;127; ;x
1337;50;190;199; ;x
1338;184;62;172; ;x
1339;206;144;144; ;x
1340;202;127;53; ;x
1341;26;151;191; ;x
1342;110;200;255; ;x
1343;68;8;178; ;x
1344;91;131;206; ;x
1345;112;68;64; ;x
1346;113;80;127; ;x
1347;212;78;172; ;x
1348;60;68;218; ;x
1349;153;92;25; ;x
1350;170;133;172; ;x
1351;69;59;199; ;x
1352;115;226;214; ;x
1353;102;64;153; ;x
1354;159;121;132; ;x
1355;19;220;255; ;x
1356;62;210;255; ;x
1357;53;139;254; ;x
1358;129;60;50; ;x
1359;47;220;255; ;x
1360;14;100;191; ;x
1361;2;72;0; ;x
1362;138;58;127; ;x
1363;140;86;64; ;x
1364;7;139;254; ;x
1365;110;48;64; ;x
1366;90;50;218; ;x
1367;239;136;133; ;x
1368;159;89;185; ;x
1369;134;137;191; ;x
1370;85;201;255; ;x
1371;108;139;23; ;x
1372;180;141;0; ;x
1373;179;211;179; ;x
1374;224;47;5; ;x
1375;219;188;138; ;x
1376;67;107;178; ;x
1377;239;66;0; ;x
1378;125;201;255; ;x
1379;182;46;64; ;x
1380;248;239;1; ;x
1381;209;178;54; ;x
1382;233;61;69; ;x
1383;196;106;79; ;x
1384;41;104;32; ;x
1385;42;230;108; ;x
1386;3;76;127; ;x
1387;152;133;254; ;x
1388;140;94;0; ;x
1389;111;33;183; ;x
1390;44;72;165; ;x
1391;134;141;0; ;x
1392;137;54;0; ;x
1393;224;222;21; ;x
1394;223;24;38; ;x
1395;238;192;127; ;x
1396;172;34;79; ;x
1397;139;74;0; ;x
1398;75;168;216; ;x
1399;135;48;141; ;x
1400;182;42;254; ;x
1401;112;182;0; ;x
1402;197;165;54; ;x
1403;199;140;181; ;x
1404;236;34;254; ;x
1405;239;125;231; ;x
1406;114;200;255; ;x
1407;170;129;79; ;x
1408;146;221;217; ;x
1409;10;52;254; ;x
1410;66;68;126; ;x
1411;56;250;255; ;x
1412;134;133;64; ;x
1413;80;128;207; ;x
1414;45;200;255; ;x
1415;7;135;127; ;x
1416;26;143;254; ;x
1417;6;120;254; ;x
1418;18;200;255; ;x
1419;218;149;146; ;x
1420;16;250;255; ;x
1421;214;127;24; ;x
1422;57;68;127; ;x
1423;156;66;254; ;x
1424;44;147;126; ;x
1425;12;72;254; ;x
1426;206;181;116; ;x
1427;80;146;83; ;x
1428;162;141;127; ;x
1429;40;121;11; ;x
1430;138;70;191; ;x
1431;228;170;33; ;x
1432;55;40;191; ;x
1433;171;145;79; ;x
1434;151;114;254; ;x
1435;24;116;0; ;x
1436;159;66;61; ;x
1437;140;98;127; ;x
1438;8;143;64; ;x
1439;115;201;255; ;x
1440;43;223;255; ;x
1441;46;36;126; ;x
1442;48;250;255; ;x
1443;135;145;127; ;x
1444;28;252;255; ;x
1445;161;91;52; ;x
1446;199;128;210; ;x
1447;43;131;126; ;x
1448;89;66;107; ;x
1449;6;124;64; ;x
1450;137;46;64; ;x
1451;13;96;64; ;x
1452;11;68;127; ;x
1453;109;155;64; ;x
1454;157;70;64; ;x
1455;184;66;64; ;x
1456;238;50;127; ;x
1457;40;127;182; ;x
1458;25;131;191; ;x
1459;7;115;1; ;x
1460;30;68;0; ;x
1461;110;44;254; ;x
1462;233;155;30; ;x
1463;230;153;5; ;x
1464;67;76;126; ;x
1465;194;74;79; ;x
1466;141;102;254; ;x
1467;133;122;0; ;x
1468;23;223;255; ;x
1469;199;152;157; ;x
1470;228;132;39; ;x
1471;10;44;0; ;x
1472;35;139;64; ;x
1473;209;25;111; ;x
1474;116;223;157; ;x
1475;103;120;127; ;x
1476;173;245;172; ;x
1477;40;71;134; ;x
1478;120;154;184; ;x
1479;69;108;126; ;x
1480;68;100;126; ;x
1481;18;224;17; ;x
1482;67;190;24; ;x
1483;83;52;126; ;x
1484;247;19;19; ;x
1485;162;137;0; ;x
1486;34;127;0; ;x
1487;200;29;166; ;x
1488;151;118;64; ;x
1489;200;74;24; ;x
1490;212;193;38; ;x
1491;40;162;11; ;x
1492;83;44;126; ;x
1493;130;74;64; ;x
1494;127;42;0; ;x
1495;197;12;147; ;x
1496;30;76;254; ;x
1497;137;168;13; ;x
1498;33;120;64; ;x
1499;27;155;0; ;x
1500;152;129;127; ;x
1501;34;124;191; ;x
1502;83;221;255; ;x
1503;178;101;228; ;x
1504;242;234;205; ;x
1505;160;122;127; ;x
1506;173;38;172; ;x
1507;211;130;52; ;x
1508;12;76;64; ;x
1509;40;132;82; ;x
1510;133;126;127; ;x
1511;239;69;110; ;x
1512;120;130;232; ;x
1513;13;171;47; ;x
1514;84;60;126; ;x
1515;2;64;64; ;x
1516;0;63;139; ;x
1517;138;66;64; ;x
1518;198;133;172; ;x
1519;172;153;79; ;x
1520;173;42;79; ;x
1521;24;120;127; ;x
1522;171;141;172; ;x
1523;206;110;220; ;x
1524;135;149;254; ;x
1525;31;88;0; ;x
1526;230;51;43; ;x
1527;40;88;32; ;x
1528;199;58;78; ;x
1529;210;50;79; ;x
1530;8;155;127; ;x
1531;40;150;134; ;x
1532;239;89;1; ;x
1533;25;135;0; ;x
1534;8;147;191; ;x
1535;44;135;32; ;x
1536;12;84;0; ;x
1537;219;130;82; ;x
1538;160;118;0; ;x
1539;212;238;211; ;x
1540;28;251;255; ;x
1541;31;222;255; ;x
1542;34;135;254; ;x
1543;237;46;0; ;x
1544;26;147;64; ;x
1545;139;144;231; ;x
1546;13;88;127; ;x
1547;14;104;0; ;x
1548;36;150;255; ;x
1549;136;157;191; ;x
1550;99;149;71; ;x
1551;19;0;255; ;x
1552;161;133;191; ;x
1553;171;137;79; ;x
1554;51;220;255; ;x
1555;254;161;53; ;x
1556;112;76;0; ;x
1557;127;220;255; ;x
1558;23;221;255; ;x
1559;98;0;243; ;x
1560;145;206;151; ;x
1561;36;250;255; ;x
1562;172;157;172; ;x
1563;68;230;255; ;x
1564;218;153;127; ;x
1565;205;209;106; ;x
1566;199;158;234; ;x
1567;216;243;86; ;x
1568;24;57;119; ;x
1569;115;142;175; ;x
1570;32;250;211; ;x
1571;174;58;191; ;x
1572;66;72;32; ;x
1573;194;230;139; ;x
1574;9;139;158; ;x
1575;197;218;57; ;x
1576;47;173;78; ;x
1577;46;40;32; ;x
1578;55;20;23; ;x
1579;239;237;128; ;x
1580;140;224;31; ;x
1581;153;149;127; ;x
1582;1;52;0; ;x
1583;206;88;96; ;x
1584;154;38;0; ;x
1585;196;102;172; ;x
1586;2;68;191; ;x
1587;111;56;0; ;x
1588;65;200;255; ;x
1589;238;33;57; ;x
1590;174;212;218; ;x
1591;194;78;172; ;x
1592;218;38;191; ;x
1593;107;66;100; ;x
1594;86;92;126; ;x
1595;74;32;21; ;x
1596;128;58;191; ;x
1597;37;207;93; ;x
1598;223;133;54; ;x
1599;172;149;0; ;x
1600;242;1;69; ;x
1601;34;74;126; ;x
1602;52;252;37; ;x
1603;118;240;78; ;x
1604;219;250;47; ;x
1605;42;14;17; ;x
1606;239;130;235; ;x
1607;165;54;127; ;x
1608;102;239;0; ;x
1609;1;48;191; ;x
1610;149;212;76; ;x
1611;231;11;11; ;x
1612;247;244;156; ;x
1613;103;68;127; ;x
1614;206;42;19; ;x
1615;168;102;172; ;x
1616;239;148;110; ;x
1617;46;44;126; ;x
1618;60;116;64; ;x
1619;180;45;81; ;x
1620;43;124;225; ;x
1621;129;175;43; ;x
1622;100;0;231; ;x
1623;254;224;120; ;x
1624;37;48;254; ;x
1625;33;25;23; ;x
1626;80;139;126; ;x
1627;130;153;203; ;x
1628;118;51;33; ;x
1629;12;55;16; ;x
1630;145;38;64; ;x
1631;20;56;0; ;x
1632;15;220;255; ;x
1633;238;58;64; ;x
1634;140;90;191; ;x
1635;14;108;127; ;x
1636;31;84;191; ;x
1637;195;127;0; ;x
1638;41;96;32; ;x
1639;204;62;127; ;x
1640;0;40;254; ;x
1641;224;247;32; ;x
1642;82;41;0; ;x
1643;23;130;235; ;x
1644;167;90;79; ;x
1645;44;143;32; ;x
1646;27;158;128; ;x
1647;159;150;132; ;x
1648;33;130;20; ;x
1649;34;25;231; ;x
1650;44;183;44; ;x
1651;122;139;89; ;x
1652;141;110;191; ;x
1653;91;125;221; ;x
1654;153;141;191; ;x
1655;163;157;0; ;x
1656;44;139;126; ;x
1657;104;80;191; ;x
1658;180;149;96; ;x
1659;2;200;255; ;x
1660;129;70;254; ;x
1661;117;18;67; ;x
1662;182;38;172; ;x
1663;1;246;255; ;x
1664;82;32;32; ;x
1665;40;138;158; ;x
1666;106;34;171; ;x
1667;195;98;79; ;x
1668;43;124;126; ;x
1669;45;155;126; ;x
1670;88;250;255; ;x
1671;66;202;255; ;x
1672;83;202;86; ;x
1673;236;157;127; ;x
1674;238;33;81; ;x
1675;85;231;160; ;x
1676;126;201;255; ;x
1677;43;127;32; ;x
1678;157;78;172; ;x
1679;145;34;254; ;x
1680;235;221;116; ;x
1681;127;34;64; ;x
1682;104;84;0; ;x
1683;238;10;10; ;x
1684;132;114;64; ;x
1685;128;50;254; ;x
1686;144;85;133; ;x
1687;58;117;170; ;x
1688;159;150;100; ;x
1689;85;80;32; ;x
1690;220;243;211; ;x
1691;129;62;0; ;x
1692;210;46;172; ;x
1693;182;38;127; ;x
1694;239;81;86; ;x
1695;120;87;160; ;x
1696;86;88;32; ;x
1697;211;62;172; ;x
1698;28;253;255; ;x
1699;151;122;191; ;x
1700;196;114;79; ;x
1701;191;6;69; ;x
1702;54;155;126; ;x
1703;117;191;170; ;x
1704;191;218;10; ;x
1705;96;42;27; ;x
1706;99;86;239; ;x
1707;63;220;255; ;x
1708;25;127;64; ;x
1709;217;145;191; ;x
1710;6;116;127; ;x
1711;56;251;255; ;x
1712;199;117;234; ;x
1713;33;130;235; ;x
1714;99;77;194; ;x
1715;9;0;255; ;x
1716;142;122;254; ;x
1717;18;32;191; ;x
1718;101;0;235; ;x
1719;224;222;29; ;x
1720;182;34;79; ;x
1721;45;151;32; ;x
1722;28;52;127; ;x
1723;231;86;64; ;x
1724;100;102;175; ;x
1725;9;36;64; ;x
1726;240;15;15; ;x
1727;2;60;254; ;x
1728;1;200;255; ;x
1729;50;96;127; ;x
1730;213;86;172; ;x
1731;106;53;0; ;x
1732;104;135;64; ;x
1733;128;54;64; ;x
1734;230;74;0; ;x
1735;38;52;64; ;x
1736;1;56;127; ;x
1737;170;126;172; ;x
1738;143;31;144; ;x
1739;70;120;32; ;x
1740;238;62;191; ;x
1741;3;84;64; ;x
1742;195;104;190; ;x
1743;51;108;191; ;x
1744;84;250;255; ;x
1745;223;12;72; ;x
1746;15;116;64; ;x
1747;29;56;254; ;x
1748;139;78;127; ;x
1749;40;88;254; ;x
1750;111;60;127; ;x
1751;245;141;22; ;x
1752;192;132;131; ;x
1753;141;106;64; ;x
1754;103;159;108; ;x
1755;182;245;172; ;x
1756;221;108;69; ;x
1757;152;137;64; ;x
1758;183;80;52; ;x
1759;188;122;254; ;x
1760;165;202;93; ;x
1761;147;132;60; ;x
1762;210;54;172; ;x
1763;219;143;23; ;x
1764;236;229;38; ;x
1765;233;226;107; ;x
1766;196;110;172; ;x
1767;139;198;182; ;x
1768;185;130;245; ;x
1769;30;72;127; ;x
1770;77;250;232; ;x
1771;31;223;255; ;x
1772;239;173;58; ;x
1773;230;78;127; ;x
1774;86;84;126; ;x
1775;159;159;88; ;x
1776;239;119;86; ;x
1777;174;50;79; ;x
1778;51;116;127; ;x
1779;155;42;127; ;x
1780;7;131;0; ;x
1781;146;150;46; ;x
1782;100;90;80; ;x
1783;9;40;191; ;x
1784;160;114;191; ;x
1785;161;126;254; ;x
1786;113;152;0; ;x
1787;164;50;79; ;x
1788;0;44;64; ;x
1789;99;0;247; ;x
1790;95;0;50; ;x
1791;185;142;58; ;x
1792;69;112;32; ;x
1793;103;76;64; ;x
1794;250;0;36; ;x
1795;143;133;0; ;x
1796;6;127;191; ;x
1797;106;163;96; ;x
1798;5;108;191; ;x
1799;16;135;64; ;x
1800;154;152;90; ;x
1801;161;69;46; ;x
1802;165;62;64; ;x
1803;121;224;101; ;x
1804;52;121;25; ;x
1805;175;66;79; ;x
1806;100;116;127; ;x
1807;29;160;215; ;x
1808;1;202;255; ;x
1809;15;120;191; ;x
1810;176;90;254; ;x
1811;146;54;254; ;x
1812;73;229;255; ;x
1813;43;140;218; ;x
1814;175;177;68; ;x
1815;167;90;0; ;x
1816;178;118;191; ;x
1817;177;94;64; ;x
1818;81;109;202; ;x
1819;14;112;254; ;x
1820;204;23;23; ;x
1821;83;48;32; ;x
1822;12;80;191; ;x
1823;70;124;126; ;x
1824;105;109;46; ;x
1825;211;66;79; ;x
1826;149;158;47; ;x
1827;134;129;254; ;x
1828;166;173;135; ;x
1829;193;62;191; ;x
1830;206;114;79; ;x
1831;235;112;20; ;x
1832;55;40;32; ;x
1833;179;90;0; ;x
1834;10;56;64; ;x
1835;223;219;117; ;x
1836;89;170;140; ;x
1837;37;132;179; ;x
1838;5;112;0; ;x
1839;254;25;0; ;x
1840;41;100;126; ;x
1841;188;110;219; ;x
1842;79;143;219; ;x
1843;40;83;11; ;x
1844;69;105;170; ;x
1845;157;74;191; ;x
1846;142;114;0; ;x
1847;19;52;191; ;x
1848;161;129;64; ;x
1849;96;200;25; ;x
1850;144;149;191; ;x
1851;79;120;32; ;x
1852;211;226;130; ;x
1853;104;157;239; ;x
1854;193;70;172; ;x
1855;54;156;76; ;x
1856;87;191;36; ;x
1857;100;98;143; ;x
1858;221;47;96; ;x
1859;159;156;209; ;x
1860;247;230;135; ;x
1861;197;118;172; ;x
1862;36;155;254; ;x
1863;16;139;191; ;x
1864;139;82;254; ;x
1865;205;226;168; ;x
1866;136;34;0; ;x
1867;89;61;78; ;x
1868;212;60;93; ;x
1869;248;248;144; ;x
1870;144;145;64; ;x
1871;178;114;64; ;x
1872;159;127;185; ;x
1873;100;32;254; ;x
1874;51;171;108; ;x
1875;199;146;85; ;x
1876;87;219;115; ;x
1877;157;167;212; ;x
1878;231;5;5; ;x
1879;172;219;255; ;x
1880;136;42;254; ;x
1881;9;32;254; ;x
1882;113;192;203; ;x
1883;219;78;201; ;x
1884;44;97;35; ;x
1885;146;46;0; ;x
1886;39;76;191; ;x
1887;55;0;0; ;x
1888;139;116;127; ;x
1889;21;1;95; ;x
1890;33;116;254; ;x
1891;166;78;254; ;x
1892;80;123;135; ;x
1893;57;163;32; ;x
1894;148;200;61; ;x
1895;120;125;160; ;x
1896;70;116;126; ;x
1897;199;145;0; ;x
1898;211;58;79; ;x
1899;26;139;127; ;x
1900;132;110;254; ;x
1901;154;78;0; ;x
1902;24;253;255; ;x
1903;4;24;61; ;x
1904;144;141;254; ;x
1905;164;46;191; ;x
1906;186;94;172; ;x
1907;159;116;127; ;x
1908;60;239;76; ;x
1909;77;35;96; ;x
1910;66;75;120; ;x
1911;32;114;111; ;x
1912;209;15;100; ;x
1913;179;116;127; ;x
1914;42;12;144; ;x
1915;66;200;255; ;x
1916;143;137;127; ;x
1917;43;46;166; ;x
1918;120;142;208; ;x
1919;170;8;15; ;x
1920;38;64;127; ;x
1921;17;143;0; ;x
1922;155;50;64; ;x
1923;209;11;195; ;x
1924;74;52;126; ;x
1925;74;44;126; ;x
1926;5;104;64; ;x
1927;134;24;223; ;x
1928;174;197;67; ;x
1929;112;219;255; ;x
1930;216;172;198; ;x
1931;62;48;145; ;x
1932;198;222;102; ;x
1933;30;203;255; ;x
1934;183;58;79; ;x
1935;120;116;127; ;x
1936;18;40;127; ;x
1937;209;204;68; ;x
1938;38;60;0; ;x
1939;81;143;95; ;x
1940;115;209;142; ;x
1941;242;21;171; ;x
1942;11;60;191; ;x
1943;219;116;127; ;x
1944;75;221;255; ;x
1945;55;36;126; ;x
1946;121;21;153; ;x
1947;238;69;138; ;x
1948;142;118;127; ;x
1949;166;74;127; ;x
1950;162;186;192; ;x
1951;133;197;191; ;x
1952;39;0;255; ;x
1953;120;75;184; ;x
1954;154;153;254; ;x
1955;37;44;127; ;x
1956;110;36;0; ;x
1957;78;0;243; ;x
1958;27;220;255; ;x
1959;21;80;127; ;x
1960;164;38;254; ;x
1961;180;39;198; ;x
1962;222;235;73; ;x
1963;10;48;127; ;x
1964;233;227;173; ;x
1965;212;82;79; ;x
1966;239;160;86; ;x
1967;189;15;174; ;x
1968;48;243;64; ;x
1969;19;44;254; ;x
1970;127;81;208; ;x
1971;194;83;190; ;x
1972;146;42;191; ;x
1973;127;87;89; ;x
1974;120;119;108; ;x
1975;225;230;201; ;x
1976;230;223;22; ;x
1977;199;116;127; ;x
1978;159;144;233; ;x
1979;80;140;183; ;x
1980;206;130;46; ;x
1981;162;182;82; ;x
1982;167;150;95; ;x
1983;132;102;0; ;x
1984;152;229;203; ;x
1985;27;222;255; ;x
1986;123;51;195; ;x
1987;230;175;70; ;x
1988;139;69;199; ;x
1989;67;220;255; ;x
1990;37;40;0; ;x
1991;51;112;0; ;x
1992;17;147;127; ;x
1993;165;58;254; ;x
1994;175;191;92; ;x
1995;169;114;79; ;x
1996;87;220;255; ;x
1997;16;131;254; ;x
1998;11;64;0; ;x
1999;46;48;32; ;x
2000;75;0;25; ;x
2001;168;94;127; ;x
2002;218;216;76; ;x
2003;178;110;254; ;x
2004;143;129;191; ;x
2005;137;50;191; ;x
2006;216;90;203; ;x
2007;139;230;255; ;x
2008;139;15;149; ;x
2009;146;154;191; ;x
2010;77;200;255; ;x
2011;127;143;34; ;x
2012;218;23;167; ;x
2013;228;71;55; ;x
2014;213;90;79; ;x
2015;70;185;107; ;x
2016;205;230;201; ;x
2017;82;201;255; ;x
2018;136;38;127; ;x
2019;125;174;247; ;x
2020;167;86;172; ;x
2021;243;230;201; ;x
2022;226;147;147; ;x
2023;55;0;231; ;x
2024;101;223;33; ;x
2025;1;36;45; ;x
2026;50;92;0; ;x
2027;158;86;172; ;x
2028;166;66;191; ;x
2029;32;104;191; ;x
2030;148;82;191; ;x
2031;101;243;114; ;x
2032;50;0;231; ;x
2033;154;157;64; ;x
2034;63;127;27; ;x
2035;70;223;54; ;x
2036;249;15;100; ;x
2037;156;214;208; ;x
2038;169;118;172; ;x
2039;145;197;216; ;x
2040;168;94;172; ;x
2041;168;98;79; ;x
2042;56;251;126; ;x
2043;107;121;190; ;x
2044;138;62;254; ;x
2045;172;82;127; ;x
2046;1;206;129; ;x
2047;88;239;255; ;x
2048;66;64;254; ;x
2049;207;201;39; ;x
2050;71;0;235; ;x
2051;152;88;206; ;x
2052;80;0;231; ;x
2053;49;84;64; ;x
2054;49;88;191; ;x
2055;150;110;127; ;x
2056;199;110;219; ;x
2057;117;149;26; ;x
2058;78;112;32; ;x
2059;35;223;48; ;x
2060;116;98;167; ;x
2061;38;200;255; ;x
2062;65;0;249; ;x
2063;77;0;239; ;x
2064;8;9;55; ;x
2065;251;31;46; ;x
2066;41;104;127; ;x
2067;39;72;64; ;x
2068;70;0;231; ;x
2069;55;44;126; ;x
2070;208;141;172; ;x
2071;233;203;149; ;x
2072;179;15;149; ;x
2073;251;130;46; ;x
2074;83;220;255; ;x
2075;1;170;194; ;x
2076;174;58;79; ;x
2077;69;0;247; ;x
2078;88;162;214; ;x
2079;176;82;0; ;x
2080;147;58;64; ;x
2081;149;90;127; ;x
2082;46;185;145; ;x
2083;17;203;255; ;x
2084;174;54;172; ;x
2085;99;203;233; ;x
2086;205;110;172; ;x
2087;168;126;2; ;x
2088;100;225;85; ;x
2089;237;38;64; ;x
2090;180;141;172; ;x
2091;201;54;172; ;x
2092;150;185;110; ;x
2093;150;189;193; ;x
2094;135;153;64; ;x
2095;142;219;255; ;x
2096;199;19;117; ;x
2097;199;91;210; ;x
2098;207;37;117; ;x
2099;15;124;0; ;x
2100;178;165;201; ;x
2101;219;15;149; ;x
2102;90;186;34; ;x
2103;214;190;26; ;x
2104;154;34;191; ;x
2105;36;32;64; ;x
2106;85;0;224; ;x
2107;103;72;254; ;x
2108;206;110;15; ;x
2109;89;224;36; ;x
2110;212;70;172; ;x
2111;1;128;129; ;x
2112;239;116;127; ;x
2113;71;131;126; ;x
2114;144;101;5; ;x
2115;149;86;0; ;x
2116;103;216;255; ;x
2117;254;238;162; ;x
2118;1;161;50; ;x
2119;198;110;219; ;x
2120;1;0;255; ;x
2121;16;253;255; ;x
2122;84;56;32; ;x
2123;2;158;163; ;x
2124;145;157;127; ;x
2125;85;72;32; ;x
2126;84;110;246; ;x
2127;8;151;0; ;x
2128;29;60;64; ;x
2129;197;122;79; ;x
2130;150;106;0; ;x
2131;27;32;127; ;x
2132;54;147;126; ;x
2133;84;140;150; ;x
2134;129;72;84; ;x
2135;181;153;79; ;x
2136;44;123;42; ;x
2137;229;15;174; ;x
2138;150;98;64; ;x
2139;197;126;172; ;x
2140;223;40;15; ;x
2141;230;15;245; ;x
2142;226;16;124; ;x
2143;28;44;191; ;x
2144;163;34;127; ;x
2145;166;70;0; ;x
2146;181;25;40; ;x
2147;5;87;139; ;x
2148;3;0;255; ;x
2149;186;90;79; ;x
2150;17;151;254; ;x
2151;84;68;126; ;x
2152;159;132;84; ;x
2153;68;0;243; ;x
2154;210;42;79; ;x
2155;135;66;143; ;x
2156;207;26;73; ;x
2157;89;127;32; ;x
2158;28;247;0; ;x
2159;151;90;7; ;x
2160;2;0;255; ;x
2161;132;106;127; ;x
2162;188;220;144; ;x
2163;174;62;0; ;x
2164;54;91;72; ;x
2165;206;110;222; ;x
2166;130;54;198; ;x
2167;183;54;172; ;x
2168;81;63;216; ;x
2169;187;114;0; ;x
2170;54;151;32; ;x
2171;199;134;109; ;x
2172;173;42;0; ;x
2173;26;215;116; ;x
2174;206;15;199; ;x
2175;47;52;126; ;x
2176;205;216;77; ;x
2177;212;38;84; ;x
2178;24;112;191; ;x
2179;40;84;127; ;x
2180;70;127;32; ;x
2181;39;68;254; ;x
2182;48;192;190; ;x
2183;85;76;126; ;x
2184;170;126;191; ;x
2185;7;121;35; ;x
2186;221;150;199; ;x
2187;47;170;182; ;x
2188;239;15;199; ;x
2189;142;126;64; ;x
2190;176;96;151; ;x
2191;159;15;199; ;x
2192;23;100;127; ;x
2193;130;203;223; ;x
2194;5;0;255; ;x
2195;55;245;23; ;x
2196;48;236;243; ;x
2197;200;150;89; ;x
2198;34;34;209; ;x
2199;42;108;254; ;x
2200;6;133;126; ;x
2201;156;58;0; ;x
2202;177;111;186; ;x
2203;14;200;255; ;x
2204;56;60;126; ;x
2205;216;108;128; ;x
2206;194;86;172; ;x
2207;206;15;149; ;x
2208;196;15;100; ;x
2209;84;64;32; ;x
2210;168;102;64; ;x
2211;54;54;255; ;x
2212;19;223;255; ;x
2213;214;30;112; ;x
2214;48;76;127; ;x
2215;21;76;0; ;x
2216;36;36;191; ;x
2217;40;0;255; ;x
2218;171;141;64; ;x
2219;183;50;79; ;x
2220;49;150;255; ;x
2221;141;200;141; ;x
2222;254;18;159; ;x
2223;208;245;4; ;x
2224;130;128;84; ;x
2225;120;115;206; ;x
2226;215;182;152; ;x
2227;140;219;171; ;x
2228;26;0;255; ;x
2229;186;102;254; ;x
2230;147;137;244; ;x
2231;81;201;255; ;x
2232;97;208;85; ;x
2233;206;15;100; ;x
2234;23;108;64; ;x
2235;172;57;72; ;x
2236;194;206;97; ;x
2237;133;44;124; ;x
2238;47;52;0; ;x
2239;76;0;235; ;x
2240;192;91;31; ;x
2241;181;33;132; ;x
2242;24;124;254; ;x
2243;10;39;174; ;x
2244;47;60;254; ;x
2245;89;70;120; ;x
2246;199;15;199; ;x
2247;46;48;191; ;x
2248;176;170;37; ;x
2249;199;122;110; ;x
2250;226;104;55; ;x
2251;22;92;191; ;x
2252;131;98;191; ;x
2253;1;229;30; ;x
2254;19;48;64; ;x
2255;4;100;254; ;x
2256;47;235;32; ;x
2257;18;36;0; ;x
2258;238;224;69; ;x
2259;22;88;64; ;x
2260;22;84;254; ;x
2261;82;127;127; ;x
2262;164;50;0; ;x
2263;89;84;41; ;x
2264;209;163;53; ;x
2265;126;1;95; ;x
2266;16;127;127; ;x
2267;159;115;209; ;x
2268;158;94;191; ;x
2269;189;141;254; ;x
2270;117;109;200; ;x
2271;31;92;127; ;x
2272;176;78;191; ;x
2273;134;209;79; ;x
2274;24;0;255; ;x
2275;54;32;32; ;x
2276;156;54;191; ;x
2277;27;36;254; ;x
2278;152;30;209; ;x
2279;169;15;100; ;x
2280;73;36;126; ;x
2281;219;157;208; ;x
2282;175;66;127; ;x
2283;156;124;212; ;x
2284;214;110;172; ;x
2285;119;211;149; ;x
2286;190;149;191; ;x
2287;68;96;32; ;x
2288;41;100;0; ;x
2289;61;200;123; ;x
2290;207;153;12; ;x
2291;8;0;255; ;x
2292;44;135;191; ;x
2293;126;215;46; ;x
2294;49;80;254; ;x
2295;254;0;0; ;x
2296;82;224;175; ;x
2297;254;125;214; ;x
2298;201;43;138; ;x
2299;206;126;172; ;x
2300;6;203;255; ;x
2301;149;15;174; ;x
2302;150;78;141; ;x
2303;44;139;0; ;x
2304;40;80;32; ;x
2305;83;223;255; ;x
2306;71;100;144; ;x
2307;64;36;0; ;x
2308;116;165;116; ;x
2309;120;55;111; ;x
2310;254;223;199; ;x
2311;68;88;32; ;x
2312;155;46;254; ;x
2313;22;96;0; ;x
2314;185;46;175; ;x
2315;131;69;84; ;x
2316;63;119;195; ;x
2317;187;110;191; ;x
2318;44;147;254; ;x
2319;145;66;126; ;x
2320;50;100;254; ;x
2321;173;6;171; ;x
2322;79;180;81; ;x
2323;159;98;0; ;x
2324;187;67;67; ;x
2325;199;146;146; ;x
2326;56;159;69; ;x
2327;108;129;154; ;x
2328;254;23;23; ;x
2329;254;126;40; ;x
2330;254;132;59; ;x
2331;24;37;76; ;x
2332;231;183;55; ;x
2333;199;146;230; ;x
2334;115;0;174; ;x
2335;169;118;254; ;x
2336;29;59;158; ;x
2337;64;40;127; ;x
2338;177;230;94; ;x
2339;227;43;43; ;x
2340;21;72;191; ;x
2341;204;162;150; ;x
2342;48;68;191; ;x
2343;171;137;254; ;x
2344;218;94;40; ;x
2345;47;56;127; ;x
2346;146;50;127; ;x
2347;60;142;34; ;x
2348;56;56;32; ;x
2349;48;97;59; ;x
2350;72;224;191; ;x
2351;182;42;79; ;x
2352;68;250;255; ;x
2353;58;84;0; ;x
2354;7;0;255; ;x
2355;122;142;169; ;x
2356;75;0;231; ;x
2357;214;190;211; ;x
2358;56;253;255; ;x
2359;224;222;25; ;x
2360;254;199;149; ;x
2361;121;224;48; ;x
2362;149;94;254; ;x
2363;60;108;127; ;x
2364;48;33;78; ;x
2365;65;52;191; ;x
2366;193;70;127; ;x
2367;144;7;163; ;x
2368;104;37;15; ;x
2369;194;82;79; ;x
2370;84;130;245; ;x
2371;197;74;105; ;x
2372;24;37;182; ;x
2373;66;60;127; ;x
2374;6;0;255; ;x
2375;131;140;158; ;x
2376;56;48;32; ;x
2377;134;97;96; ;x
2378;165;50;94; ;x
2379;167;86;191; ;x
2380;191;38;64; ;x
2381;207;37;15; ;x
2382;226;134;53; ;x
2383;15;160;197; ;x
2384;174;54;64; ;x
2385;165;72;55; ;x
2386;73;0;243; ;x
2387;152;126;0; ;x
2388;105;194;57; ;x
2389;42;116;191; ;x
2390;89;200;255; ;x
2391;147;62;191; ;x
2392;234;46;208; ;x
2393;164;31;195; ;x
2394;151;181;200; ;x
2395;58;146;124; ;x
2396;144;76;135; ;x
2397;72;197;51; ;x
2398;39;31;245; ;x
2399;46;36;127; ;x
2400;62;234;255; ;x
2401;177;98;191; ;x
2402;70;200;255; ;x
2403;38;56;191; ;x
2404;60;112;254; ;x
2405;166;162;54; ;x
2406;124;60;86; ;x
2407;3;189;120; ;x
2408;80;73;159; ;x
2409;242;201;12; ;x
2410;48;72;0; ;x
2411;24;211;37; ;x
2412;64;32;191; ;x
2413;24;161;15; ;x
2414;82;36;126; ;x
2415;212;196;16; ;x
2416;37;207;233; ;x
2417;164;42;64; ;x
2418;72;0;239; ;x
2419;173;84;22; ;x
2420;177;102;0; ;x
2421;213;94;172; ;x
2422;240;248;20; ;x
2423;221;17;17; ;x
2424;156;36;127; ;x
2425;48;30;13; ;x
2426;180;145;79; ;x
2427;215;122;79; ;x
2428;32;100;64; ;x
2429;28;40;64; ;x
2430;70;70;122; ;x
2431;65;56;0; ;x
2432;179;129;79; ;x
2433;13;200;255; ;x
2434;230;35;178; ;x
2435;3;220;255; ;x
2436;46;39;194; ;x
2437;90;96;215; ;x
2438;52;131;126; ;x
2439;174;62;172; ;x
2440;44;250;255; ;x
2441;172;153;127; ;x
2442;50;104;64; ;x
2443;30;242;32; ;x
2444;105;0;199; ;x
2445;67;121;108; ;x
2446;155;39;188; ;x
2447;69;25;75; ;x
2448;75;37;127; ;x
2449;88;223;141; ;x
2450;60;160;46; ;x
2451;149;145;41; ;x
2452;254;24;40; ;x
2453;79;251;131; ;x
2454;196;15;149; ;x
2455;13;94;109; ;x
2456;254;22;199; ;x
2457;74;226;77; ;x
2458;178;106;127; ;x
2459;121;202;255; ;x
2460;39;220;255; ;x
2461;144;153;0; ;x
2462;186;204;22; ;x
2463;74;56;32; ;x
2464;126;107;254; ;x
2465;0;154;174; ;x
2466;119;161;165; ;x
2467;120;252;255; ;x
2468;120;136;131; ;x
2469;200;145;58; ;x
2470;24;178;15; ;x
2471;206;224;131; ;x
2472;48;64;32; ;x
2473;61;200;255; ;x
2474;183;111;111; ;x
2475;171;145;191; ;x
2476;167;82;64; ;x
2477;224;190;199; ;x
2478;96;228;236; ;x
2479;207;212;71; ;x
2480;42;108;126; ;x
2481;148;70;127; ;x
2482;48;123;93; ;x
2483;254;24;90; ;x
2484;67;80;32; ;x
2485;59;92;254; ;x
2486;168;98;254; ;x
2487;24;243;15; ;x
2488;40;92;64; ;x
2489;227;230;95; ;x
2490;199;111;181; ;x
2491;209;34;127; ;x
2492;116;102;239; ;x
2493;175;70;254; ;x
2494;89;152;66; ;x
2495;15;240;243; ;x
2496;9;168;132; ;x
2497;46;173;175; ;x
2498;210;222;69; ;x
2499;167;218;32; ;x
2500;173;172;70; ;x
2501;169;114;127; ;x
2502;208;149;172; ;x
2503;120;0;100; ;x
2504;80;250;255; ;x
2505;34;216;218; ;x
2506;206;204;37; ;x
2507;168;106;79; ;x
2508;183;182;51; ;x
2509;18;155;64; ;x
2510;190;219;33; ;x
2511;43;131;64; ;x
2512;52;127;32; ;x
2513;208;68;152; ;x
2514;49;11;71; ;x
2515;64;250;255; ;x
2516;69;132;238; ;x
2517;185;82;254; ;x
2518;118;175;123; ;x
2519;198;137;79; ;x
2520;24;37;87; ;x
2521;198;129;79; ;x
2522;42;203;255; ;x
2523;52;124;126; ;x
2524;40;80;0; ;x
2525;81;104;190; ;x
2526;244;151;168; ;x
2527;31;226;36; ;x
2528;29;200;255; ;x
2529;208;153;79; ;x
2530;195;197;53; ;x
2531;174;50;254; ;x
2532;218;44;195; ;x
2533;186;164;22; ;x
2534;110;0;75; ;x
2535;246;22;12; ;x
2536;43;127;254; ;x
2537;180;113;48; ;x
2538;39;215;131; ;x
2539;209;42;42; ;x
2540;62;218;255; ;x
2541;102;12;144; ;x
2542;186;214;127; ;x
2543;148;78;64; ;x
2544;67;84;254; ;x
2545;7;220;255; ;x
2546;20;64;254; ;x
2547;12;250;255; ;x
2548;175;74;64; ;x
2549;52;0;239; ;x
2550;94;188;108; ;x
2551;116;74;122; ;x
2552;88;112;32; ;x
2553;74;0;247; ;x
2554;88;116;126; ;x
2555;194;82;191; ;x
2556;177;31;114; ;x
2557;91;195;33; ;x
2558;74;216;74; ;x
2559;207;113;136; ;x
2560;244;243;178; ;x
2561;34;74;58; ;x
2562;58;76;64; ;x
2563;83;166;187; ;x
2564;134;154;105; ;x
2565;28;133;134; ;x
2566;172;157;254; ;x
2567;173;38;191; ;x
2568;24;37;133; ;x
2569;192;50;127; ;x
2570;254;229;146; ;x
2571;20;68;64; ;x
2572;42;112;32; ;x
2573;161;225;172; ;x
2574;225;230;102; ;x
2575;162;188;18; ;x
2576;48;147;217; ;x
2577;165;143;32; ;x
2578;62;131;254; ;x
2579;173;46;127; ;x
2580;60;250;255; ;x
2581;43;124;127; ;x
2582;169;110;0; ;x
2583;147;66;0; ;x
2584;39;207;177; ;x
2585;194;86;0; ;x
2586;51;53;76; ;x
2587;187;110;219; ;x
2588;68;92;126; ;x
2589;182;26;10; ;x
2590;189;133;0; ;x
2591;186;24;90; ;x
2592;41;96;191; ;x
2593;219;52;0; ;x
2594;10;0;255; ;x
2595;42;120;0; ;x
2596;62;200;255; ;x
2597;60;139;0; ;x
2598;88;197;79; ;x
2599;144;164;176; ;x
2600;169;110;172; ;x
2601;101;48;127; ;x
2602;151;136;59; ;x
2603;197;68;152; ;x
2604;45;151;64; ;x
2605;171;200;134; ;x
2606;46;44;64; ;x
2607;46;40;254; ;x
2608;45;31;18; ;x
2609;59;100;191; ;x
2610;178;203;152; ;x
2611;192;58;64; ;x
2612;60;44;114; ;x
2613;170;67;109; ;x
2614;62;230;255; ;x
2615;226;125;26; ;x
2616;4;251;255; ;x
2617;190;162;138; ;x
2618;230;78;10; ;x
2619;43;135;206; ;x
2620;48;166;51; ;x
2621;180;180;52; ;x
2622;34;124;126; ;x
2623;170;13;54; ;x
2624;63;155;64; ;x
2625;53;151;36; ;x
2626;20;60;127; ;x
2627;79;220;255; ;x
2628;70;197;70; ;x
2629;154;138;47; ;x
2630;105;24;164; ;x
2631;162;141;172; ;x
2632;168;106;191; ;x
2633;0;152;75; ;x
2634;45;155;191; ;x
2635;4;250;255; ;x
2636;188;121;144; ;x
2637;159;98;79; ;x
2638;42;112;64; ;x
2639;142;34;254; ;x
2640;249;19;41; ;x
2641;186;94;0; ;x
2642;154;55;22; ;x
2643;128;112;171; ;x
2644;30;80;64; ;x
2645;115;78;239; ;x
2646;179;122;79; ;x
2647;229;54;0; ;x
2648;158;73;73; ;x
2649;158;199;146; ;x
2650;148;74;254; ;x
2651;194;74;254; ;x
2652;116;62;182; ;x
2653;186;185;221; ;x
2654;81;0;235; ;x
2655;170;133;127; ;x
2656;86;200;255; ;x
2657;187;106;64; ;x
2658;254;222;0; ;x
2659;78;200;255; ;x
2660;60;253;255; ;x
2661;186;98;127; ;x
2662;23;104;254; ;x
2663;32;104;32; ;x
2664;71;139;126; ;x
2665;189;137;127; ;x
2666;160;110;64; ;x
2667;28;250;255; ;x
2668;8;250;255; ;x
2669;24;84;15; ;x
2670;81;81;191; ;x
2671;214;103;103; ;x
2672;85;58;214; ;x
2673;181;149;172; ;x
2674;189;44;0; ;x
2675;61;120;191; ;x
2676;144;225;255; ;x
2677;214;17;73; ;x
2678;162;145;79; ;x
2679;191;34;254; ;x
2680;73;157;165; ;x
2681;190;153;0; ;x
2682;34;43;58; ;x
2683;11;220;255; ;x
2684;180;145;127; ;x
2685;66;68;64; ;x
2686;132;212;62; ;x
2687;54;200;255; ;x
2688;102;60;191; ;x
2689;53;76;175; ;x
2690;33;112;127; ;x
2691;44;151;95; ;x
2692;232;102;254; ;x
2693;170;207;191; ;x
2694;197;196;95; ;x
2695;233;32;70; ;x
2696;128;170;128; ;x
2697;41;41;61; ;x
2698;54;155;127; ;x
2699;44;141;46; ;x
2700;190;117;46; ;x
2701;218;158;182; ;x
2702;195;90;79; ;x
2703;216;126;172; ;x
2704;66;72;191; ;x
2705;239;113;206; ;x
2706;188;173;66; ;x
2707;209;38;172; ;x
2708;124;252;255; ;x
2709;112;32;64; ;x
2710;72;143;32; ;x
2711;96;127;135; ;x
2712;219;30;106; ;x
2713;238;191;145; ;x
2714;162;72;18; ;x
2715;164;72;84; ;x
2716;185;143;83; ;x
2717;169;201;126; ;x
2718;231;37;15; ;x
2719;108;156;64; ;x
2720;172;34;64; ;x
2721;194;78;64; ;x
2722;98;168;103; ;x
2723;241;102;96; ;x
2724;90;155;34; ;x
2725;144;49;49; ;x
2726;51;129;63; ;x
2727;80;117;83; ;x
2728;211;79;153; ;x
2729;175;122;148; ;x
2730;159;102;172; ;x
2731;81;147;126; ;x
2732;216;219;84; ;x
2733;85;200;255; ;x
2734;99;32;199; ;x
2735;229;62;254; ;x
2736;165;83;32; ;x
2737;79;0;247; ;x
2738;45;32;0; ;x
2739;40;59;210; ;x
2740;71;207;47; ;x
2741;16;119;24; ;x
2742;231;82;254; ;x
2743;150;50;204; ;x
2744;44;143;127; ;x
2745;24;37;142; ;x
2746;195;94;254; ;x
2747;101;69;107; ;x
2748;150;102;191; ;x
2749;224;222;23; ;x
2750;254;222;171; ;x
2751;214;50;154; ;x
2752;5;200;255; ;x
2753;110;219;159; ;x
2754;145;111;28; ;x
2755;123;222;255; ;x
2756;67;0;239; ;x
2757;115;86;112; ;x
2758;102;52;254; ;x
2759;170;122;64; ;x
2760;30;187;53; ;x
2761;28;190;70; ;x
2762;63;151;254; ;x
2763;192;254;127; ;x
2764;189;72;59; ;x
2765;105;37;15; ;x
2766;154;154;197; ;x
2767;192;214;62; ;x
2768;121;209;41; ;x
2769;45;225;255; ;x
2770;17;194;137; ;x
2771;24;104;15; ;x
2772;182;190;72; ;x
2773;41;200;255; ;x
2774;162;137;79; ;x
2775;76;250;255; ;x
2776;59;96;64; ;x
2777;9;200;255; ;x
2778;24;179;15; ;x
2779;115;82;80; ;x
2780;185;86;64; ;x
2781;53;163;53; ;x
2782;114;115;55; ;x
2783;97;176;26; ;x
2784;24;83;15; ;x
2785;202;159;93; ;x
2786;158;90;79; ;x
2787;152;102;93; ;x
2788;190;107;197; ;x
2789;35;139;126; ;x
2790;101;44;0; ;x
2791;34;131;126; ;x
2792;205;106;254; ;x
2793;128;51;84; ;x
2794;130;37;15; ;x
2795;82;32;64; ;x
2796;4;137;138; ;x
2797;54;192;106; ;x
2798;82;40;32; ;x
2799;78;126;60; ;x
2800;62;143;0; ;x
2801;35;143;32; ;x
2802;54;147;191; ;x
2803;254;125;199; ;x
2804;62;139;191; ;x
2805;186;90;191; ;x
2806;48;68;126; ;x
2807;207;71;199; ;x
2808;253;103;216; ;x
2809;64;44;254; ;x
2810;31;182;255; ;x
2811;254;215;1; ;x
2812;209;157;0; ;x
2813;32;100;126; ;x
2814;254;185;0; ;x
2815;188;129;191; ;x
2816;154;166;88; ;x
2817;10;200;255; ;x
2818;192;54;254; ;x
2819;224;204;36; ;x
2820;178;118;172; ;x
2821;140;192;134; ;x
2822;79;183;27; ;x
2823;232;37;15; ;x
2824;168;157;86; ;x
2825;214;139;254; ;x
2826;254;90;0; ;x
2827;88;120;32; ;x
2828;63;147;127; ;x
2829;157;70;172; ;x
2830;82;155;126; ;x
2831;63;102;93; ;x
2832;24;37;24; ;x
2833;81;81;220; ;x
2834;72;129;79; ;x
2835;24;37;143; ;x
2836;40;115;231; ;x
2837;254;149;0; ;x
2838;51;116;126; ;x
2839;106;90;108; ;x
2840;190;145;64; ;x
2841;215;114;79; ;x
2842;24;37;90; ;x
2843;230;61;8; ;x
2844;144;206;255; ;x
2845;157;78;0; ;x
2846;170;129;0; ;x
2847;178;114;79; ;x
2848;192;46;0; ;x
2849;24;254;15; ;x
2850;40;92;126; ;x
2851;195;94;172; ;x
2852;129;37;15; ;x
2853;247;107;18; ;x
2854;191;42;191; ;x
2855;168;127;77; ;x
2856;57;207;42; ;x
2857;102;56;64; ;x
2858;186;24;154; ;x
2859;125;202;255; ;x
2860;24;37;100; ;x
2861;3;38;13; ;x
2862;160;122;79; ;x
2863;72;143;254; ;x
2864;72;28;79; ;x
2865;96;42;80; ;x
2866;209;226;0; ;x
2867;56;56;64; ;x
2868;159;106;79; ;x
2869;214;195;131; ;x
2870;88;174;170; ;x
2871;228;50;191; ;x
2872;183;54;0; ;x
2873;40;250;255; ;x
2874;188;126;64; ;x
2875;197;202;169; ;x
2876;24;195;15; ;x
2877;181;157;172; ;x
2878;126;200;255; ;x
2879;185;78;127; ;x
2880;65;202;255; ;x
2881;171;118;32; ;x
2882;153;174;58; ;x
2883;186;202;172; ;x
2884;88;124;126; ;x
2885;67;80;127; ;x
2886;123;127;207; ;x
2887;146;149;149; ;x
2888;131;41;143; ;x
2889;114;56;64; ;x
2890;160;118;172; ;x
2891;198;141;191; ;x
2892;147;143;46; ;x
2893;190;157;127; ;x
2894;57;112;35; ;x
2895;161;133;172; ;x
2896;6;200;255; ;x
2897;193;66;0; ;x
2898;68;96;0; ;x
2899;50;81;143; ;x
2900;206;15;174; ;x
2901;38;128;72; ;x
2902;24;105;15; ;x
2903;218;223;124; ;x
2904;36;125;130; ;x
2905;167;174;18; ;x
2906;47;122;166; ;x
2907;254;37;15; ;x
2908;44;113;136; ;x
2909;134;100;163; ;x
2910;203;82;127; ;x
2911;53;53;52; ;x
2912;178;164;85; ;x
2913;122;202;255; ;x
2914;31;88;32; ;x
2915;205;72;138; ;x
2916;74;200;255; ;x
2917;45;117;255; ;x
2918;68;40;113; ;x
2919;32;108;126; ;x
2920;3;223;255; ;x
2921;77;201;255; ;x
2922;61;127;127; ;x
2923;235;42;148; ;x
2924;223;123;123; ;x
2925;52;250;255; ;x
2926;65;48;64; ;x
2927;91;155;191; ;x
2928;199;202;169; ;x
2929;199;79;234; ;x
2930;200;157;172; ;x
2931;221;202;238; ;x
2932;105;134;119; ;x
2933;205;151;45; ;x
2934;111;243;159; ;x
2935;195;102;195; ;x
2936;205;102;127; ;x
2937;66;155;185; ;x
2938;188;118;127; ;x
2939;218;108;9; ;x
2940;183;42;69; ;x
2941;39;223;255; ;x
2942;12;0;255; ;x
2943;33;120;32; ;x
2944;182;131;254; ;x
2945;67;76;0; ;x
2946;154;169;196; ;x
2947;26;88;92; ;x
2948;204;157;124; ;x
2949;158;94;172; ;x
2950;200;38;0; ;x
2951;72;147;126; ;x
2952;254;61;137; ;x
2953;160;110;172; ;x
2954;184;185;60; ;x
2955;218;32;226; ;x
2956;57;201;53; ;x
2957;158;82;127; ;x
2958;160;114;79; ;x
2959;99;201;255; ;x
2960;6;201;255; ;x
2961;107;179;223; ;x
2962;44;45;127; ;x
2963;94;52;48; ;x
2964;33;116;126; ;x
2965;89;222;255; ;x
2966;199;149;172; ;x
2967;201;50;64; ;x
2968;117;42;41; ;x
2969;108;206;255; ;x
2970;204;119;117; ;x
2971;161;182;79; ;x
2972;42;116;126; ;x
2973;204;86;82; ;x
2974;90;151;64; ;x
2975;254;17;120; ;x
2976;218;32;225; ;x
2977;195;90;127; ;x
2978;34;135;32; ;x
2979;121;151;64; ;x
2980;176;199;200; ;x
2981;161;64;127; ;x
2982;111;253;239; ;x
2983;230;70;191; ;x
2984;227;157;191; ;x
2985;254;226;0; ;x
2986;161;129;79; ;x
2987;103;104;151; ;x
2988;158;60;34; ;x
2989;126;202;255; ;x
2990;215;118;172; ;x
2991;73;200;255; ;x
2992;200;34;191; ;x
2993;104;157;82; ;x
2994;100;36;64; ;x
2995;99;143;64; ;x
2996;34;227;32; ;x
2997;59;220;255; ;x
2998;174;65;143; ;x
2999;178;180;74; ;x
3000;136;254;124; ;x
3001;69;185;122; ;x
3002;163;48;70; ;x
3003;254;107;28; ;x
3004;195;69;0; ;x
3005;158;82;79; ;x
3006;23;129;61; ;x
3007;204;90;79; ;x
3008;183;27;108; ;x
3009;131;76;108; ;x
3010;49;200;255; ;x
3011;210;106;44; ;x
3012;132;65;23; ;x
3013;174;88;119; ;x
3014;180;86;132; ;x
3015;208;138;184; ;x
3016;89;124;82; ;x
3017;147;47;32; ;x
3018;68;92;191; ;x
3019;130;182;111; ;x
3020;180;133;172; ;x
3021;233;86;86; ;x
3022;78;201;255; ;x
3023;218;34;64; ;x
3024;144;81;35; ;x
3025;55;94;80; ;x
3026;72;250;255; ;x
3027;254;212;0; ;x
3028;122;233;32; ;x
3029;226;145;127; ;x
3030;33;112;32; ;x
3031;158;86;254; ;x
3032;73;145;226; ;x
3033;117;238;165; ;x
3034;35;68;112; ;x
3035;220;36;224; ;x
3036;208;188;231; ;x
3037;68;108;100; ;x
3038;223;106;127; ;x
3039;87;203;89; ;x
3040;177;66;139; ;x
3041;73;40;64; ;x
3042;31;92;126; ;x
3043;4;253;255; ;x
3044;254;89;184; ;x
3045;254;120;0; ;x
3046;68;88;64; ;x
3047;31;84;126; ;x
3048;75;220;255; ;x
3049;37;201;255; ;x
3050;127;149;254; ;x
3051;89;161;207; ;x
3052;122;48;97; ;x
3053;63;133;172; ;x
3054;204;97;50; ;x
3055;50;96;32; ;x
3056;71;220;255; ;x
3057;13;0;255; ;x
3058;202;70;64; ;x
3059;159;138;212; ;x
3060;32;96;32; ;x
3061;124;209;143; ;x
3062;81;141;66; ;x
3063;177;188;107; ;x
3064;144;107;153; ;x
3065;13;33;111; ;x
3066;203;78;0; ;x
3067;203;79;98; ;x
3068;172;104;32; ;x
3069;86;116;66; ;x
3070;144;120;59; ;x
3071;155;61;220; ;x
3072;210;162;46; ;x
3073;235;219;116; ;x
3074;49;207;223; ;x
3075;22;203;255; ;x
3076;104;251;255; ;x
3077;75;60;64; ;x
3078;77;92;127; ;x
3079;106;171;159; ;x
3080;105;155;223; ;x
3081;2;201;255; ;x
3082;13;201;255; ;x
3083;105;161;80; ;x
3084;214;240;159; ;x
3085;49;88;32; ;x
3086;89;154;253; ;x
3087;50;92;126; ;x
3088;204;90;64; ;x
3089;112;252;255; ;x
3090;202;58;79; ;x
3091;96;104;64; ;x
3092;230;98;181; ;x
3093;228;38;127; ;x
3094;200;200;89; ;x
3095;168;211;66; ;x
3096;76;72;127; ;x
3097;229;189;64; ;x
3098;74;44;191; ;x
3099;53;143;32; ;x
3100;202;62;127; ;x
3101;254;20;120; ;x
3102;76;76;254; ;x
3103;227;34;0; ;x
3104;179;71;172; ;x
3105;10;201;255; ;x
3106;65;0;231; ;x
3107;187;163;69; ;x
3108;160;164;224; ;x
3109;73;36;254; ;x
3110;85;159;132; ;x
3111;229;153;211; ;x
3112;223;212;177; ;x
3113;155;200;150; ;x
3114;118;126;72; ;x
3115;88;200;146; ;x
3116;3;221;255; ;x
3117;239;74;254; ;x
3118;82;200;255; ;x
3119;57;187;151; ;x
3120;202;172;64; ;x
3121;125;190;66; ;x
3122;1;201;255; ;x
3123;176;86;172; ;x
3124;199;149;127; ;x
3125;117;209;107; ;x
3126;105;147;159; ;x
3127;90;200;255; ;x
3128;176;90;79; ;x
3129;254;21;159; ;x
3130;180;137;79; ;x
3131;47;221;255; ;x
3132;218;143;64; ;x
3133;61;144;123; ;x
3134;218;173;92; ;x
3135;163;123;44; ;x
3136;79;116;254; ;x
3137;53;135;32; ;x
3138;33;53;48; ;x
3139;199;153;254; ;x
3140;131;139;220; ;x
3141;81;147;103; ;x
3142;35;221;255; ;x
3143;16;244;154; ;x
3144;48;76;126; ;x
3145;49;80;32; ;x
3146;38;123;72; ;x
3147;80;210;230; ;x
3148;175;70;172; ;x
3149;192;161;69; ;x
3150;118;126;239; ;x
3151;155;116;220; ;x
3152;192;52;118; ;x
3153;208;145;254; ;x
3154;163;233;53; ;x
3155;123;183;127; ;x
3156;205;144;88; ;x
3157;235;57;116; ;x
3158;201;46;254; ;x
3159;124;37;78; ;x
3160;211;53;53; ;x
3161;75;195;191; ;x
3162;72;147;64; ;x
3163;153;48;40; ;x
3164;32;139;220; ;x
3165;59;92;126; ;x
3166;63;93;130; ;x
3167;64;0;247; ;x
3168;49;84;126; ;x
3169;100;83;123; ;x
3170;127;222;255; ;x
3171;199;160;209; ;x
3172;53;139;126; ;x
3173;37;203;255; ;x
3174;115;222;255; ;x
3175;123;99;212; ;x
3176;153;52;178; ;x
3177;118;129;80; ;x
3178;116;144;119; ;x
3179;124;250;255; ;x
3180;7;221;255; ;x
3181;196;224;190; ;x
3182;201;217;254; ;x
3183;14;203;255; ;x
3184;38;52;126; ;x
3185;75;64;191; ;x
3186;76;84;191; ;x
3187;176;82;79; ;x
3188;85;142;77; ;x
3189;75;189;64; ;x
3190;75;60;126; ;x
3191;0;18;254; ;x
3192;197;87;133; ;x
3193;51;108;126; ;x
3194;52;159;145; ;x
3195;102;77;89; ;x
3196;200;157;64; ;x
3197;50;100;126; ;x
3198;165;54;172; ;x
3199;32;217;172; ;x
3200;176;78;172; ;x
3201;254;152;152; ;x
3202;153;191;44; ;x
3203;178;185;121; ;x
3204;30;0;255; ;x
3205;246;34;191; ;x
3206;254;15;159; ;x
3207;165;58;79; ;x
3208;50;71;156; ;x
3209;177;94;172; ;x
3210;110;156;103; ;x
3211;9;201;255; ;x
3212;18;201;255; ;x
3213;138;212;166; ;x
3214;216;58;31; ;x
3215;224;141;66; ;x
3216;72;151;191; ;x
3217;101;168;103; ;x
3218;16;91;52; ;x
3219;93;187;84; ;x
3220;192;0;240; ;x
3221;66;30;116; ;x
3222;73;32;127; ;x
3223;0;193;254; ;x
3224;186;153;211; ;x
3225;204;86;254; ;x
3226;178;106;79; ;x
3227;206;114;191; ;x
3228;50;104;32; ;x
3229;18;203;255; ;x
3230;228;46;64; ;x
3231;27;211;53; ;x
3232;221;144;160; ;x
3233;135;231;0; ;x
3234;211;177;42; ;x
3235;154;61;79; ;x
3236;177;201;172; ;x
3237;175;74;79; ;x
3238;38;246;32; ;x
3239;229;18;159; ;x
3240;95;101;221; ;x
3241;223;139;220; ;x
3242;149;226;255; ;x
3243;74;161;0; ;x
3244;106;185;80; ;x
3245;178;110;172; ;x
3246;74;48;0; ;x
3247;16;133;154; ;x
3248;135;124;77; ;x
3249;201;54;191; ;x
3250;156;72;135; ;x
3251;202;58;0; ;x
3252;26;158;60; ;x
3253;229;58;127; ;x
3254;169;184;211; ;x
3255;200;54;85; ;x
3256;220;66;127; ;x
3257;230;66;64; ;x
3258;212;82;64; ;x
3259;75;68;0; ;x
3260;102;64;0; ;x
3261;104;92;254; ;x
3262;63;0;243; ;x
3263;162;206;58; ;x
3264;94;68;191; ;x
3265;165;56;205; ;x
3266;206;126;254; ;x
3267;12;253;255; ;x
3268;116;252;255; ;x
3269;150;174;204; ;x
3270;254;102;0; ;x
3271;138;195;111; ;x
3272;177;98;79; ;x
3273;100;155;127; ;x
3274;44;52;200; ;x
3275;105;104;0; ;x
3276;53;214;216; ;x
3277;11;221;255; ;x
3278;204;94;191; ;x
3279;202;30;139; ;x
3280;203;74;191; ;x
3281;141;150;214; ;x
3282;233;188;93; ;x
3283;112;72;191; ;x
3284;183;119;42; ;x
3285;13;203;255; ;x
3286;77;88;0; ;x
3287;174;214;67; ;x
3288;166;66;99; ;x
3289;65;34;80; ;x
3290;162;70;58; ;x
3291;49;154;99; ;x
3292;38;233;129; ;x
3293;153;86;211; ;x
3294;254;191;0; ;x
3295;86;84;127; ;x
3296;83;130;219; ;x
3297;66;0;235; ;x
3298;154;169;68; ;x
3299;41;163;76; ;x
3300;105;218;141; ;x
3301;136;60;167; ;x
3302;212;129;224; ;x
3303;193;209;198; ;x
3304;21;203;255; ;x
3305;139;34;49; ;x
3306;113;106;26; ;x
3307;197;47;101; ;x
3308;199;131;254; ;x
3309;79;221;255; ;x
3310;147;135;137; ;x
3311;192;76;177; ;x
3312;254;75;66; ;x
3313;205;101;70; ;x
3314;82;36;191; ;x
3315;86;55;144; ;x
3316;170;131;97; ;x
3317;78;108;0; ;x
3318;93;64;64; ;x
3319;54;144;99; ;x
3320;210;50;0; ;x
3321;224;80;158; ;x
3322;12;251;255; ;x
3323;236;96;10; ;x
3324;72;155;0; ;x
3325;140;166;109; ;x
3326;33;219;28; ;x
3327;205;110;64; ;x
3328;123;180;72; ;x
3329;74;52;127; ;x
3330;86;100;254; ;x
3331;200;132;87; ;x
3332;74;56;254; ;x
3333;226;163;55; ;x
3334;185;238;22; ;x
3335;76;80;64; ;x
3336;168;43;204; ;x
3337;151;159;242; ;x
3338;125;200;255; ;x
3339;85;80;0; ;x
3340;82;102;0; ;x
3341;165;185;106; ;x
3342;77;92;126; ;x
3343;123;80;42; ;x
3344;218;157;254; ;x
3345;194;123;121; ;x
3346;185;135;134; ;x
3347;64;173;255; ;x
3348;73;201;255; ;x
3349;254;191;226; ;x
3350;254;241;109; ;x
3351;217;149;0; ;x
3352;91;36;127; ;x
3353;84;64;127; ;x
3354;30;17;88; ;x
3355;193;169;162; ;x
3356;209;242;193; ;x
3357;81;151;127; ;x
3358;106;188;104; ;x
3359;32;38;254; ;x
3360;38;83;21; ;x
3361;113;132;32; ;x
3362;211;62;64; ;x
3363;211;58;254; ;x
3364;168;74;32; ;x
3365;141;225;255; ;x
3366;79;120;64; ;x
3367;116;0;235; ;x
3368;60;221;255; ;x
3369;88;112;64; ;x
3370;95;200;255; ;x
3371;118;110;21; ;x
3372;214;80;146; ;x
3373;141;80;133; ;x
3374;206;122;127; ;x
3375;77;88;32; ;x
3376;79;124;191; ;x
3377;153;152;27; ;x
3378;226;169;168; ;x
3379;33;52;116; ;x
3380;161;225;255; ;x
3381;110;202;255; ;x
3382;221;78;191; ;x
3383;180;16;159; ;x
3384;48;251;255; ;x
3385;147;81;21; ;x
3386;100;200;61; ;x
3387;221;74;64; ;x
3388;193;89;105; ;x
3389;177;192;145; ;x
3390;33;48;2; ;x
3391;166;162;46; ;x
3392;200;42;79; ;x
3393;97;197;71; ;x
3394;208;205;231; ;x
3395;138;53;204; ;x
3396;254;215;0; ;x
3397;170;176;19; ;x
3398;212;156;164; ;x
3399;154;64;94; ;x
3400;75;239;74; ;x
3401;208;153;191; ;x
3402;71;99;199; ;x
3403;192;206;44; ;x
3404;221;94;94; ;x
3405;208;141;127; ;x
3406;206;118;0; ;x
3407;178;62;43; ;x
3408;80;139;64; ;x
3409;83;44;127; ;x
3410;184;134;223; ;x
3411;71;64;127; ;x
3412;94;80;254; ;x
3413;207;133;191; ;x
3414;55;225;255; ;x
3415;135;104;42; ;x
3416;1;152;63; ;x
3417;51;211;32; ;x
3418;230;58;53; ;x
3419;173;36;95; ;x
3420;141;184;185; ;x
3421;95;201;255; ;x
3422;254;92;71; ;x
3423;127;58;103; ;x
3424;216;165;43; ;x
3425;0;224;69; ;x
3426;254;162;136; ;x
3427;81;143;191; ;x
3428;214;106;191; ;x
3429;78;154;190; ;x
3430;129;111;51; ;x
3431;80;131;127; ;x
3432;80;251;255; ;x
3433;122;61;105; ;x
3434;79;159;47; ;x
3435;87;108;254; ;x
3436;52;168;90; ;x
3437;35;223;255; ;x
3438;148;33;33; ;x
3439;185;138;0; ;x
3440;86;118;239; ;x
3441;155;200;220; ;x
3442;5;203;255; ;x
3443;81;147;0; ;x
3444;0;253;255; ;x
3445;53;124;86; ;x
3446;71;221;255; ;x
3447;243;97;32; ;x
3448;210;44;63; ;x
3449;82;155;254; ;x
3450;231;90;191; ;x
3451;24;251;255; ;x
3452;210;42;64; ;x
3453;180;226;89; ;x
3454;200;34;79; ;x
3455;34;65;11; ;x
3456;223;98;191; ;x
3457;144;33;11; ;x
3458;83;52;64; ;x
3459;80;127;0; ;x
3460;159;207;76; ;x
3461;208;149;64; ;x
3462;99;2;219; ;x
3463;15;0;255; ;x
3464;173;132;74; ;x
3465;223;102;0; ;x
3466;168;200;255; ;x
3467;207;137;0; ;x
3468;96;100;254; ;x
3469;24;58;153; ;x
3470;118;200;255; ;x
3471;101;40;191; ;x
3472;192;130;23; ;x
3473;166;70;172; ;x
3474;61;102;20; ;x
3475;58;187;32; ;x
3476;64;188;3; ;x
3477;214;110;0; ;x
3478;83;48;254; ;x
3479;94;76;127; ;x
3480;32;124;32; ;x
3481;87;140;35; ;x
3482;38;163;32; ;x
3483;173;31;98; ;x
3484;212;241;164; ;x
3485;166;66;79; ;x
3486;7;182;220; ;x
3487;90;181;175; ;x
3488;207;129;64; ;x
3489;80;135;254; ;x
3490;214;209;43; ;x
3491;88;116;191; ;x
3492;70;201;255; ;x
3493;74;201;255; ;x
3494;2;203;255; ;x
3495;254;159;58; ;x
3496;79;253;112; ;x
3497;224;110;254; ;x
3498;215;118;254; ;x
3499;195;186;21; ;x
3500;119;137;143; ;x
3501;245;92;62; ;x
3502;94;72;0; ;x
3503;100;151;0; ;x
3504;69;204;50; ;x
3505;96;108;191; ;x
3506;67;70;191; ;x
3507;142;28;163; ;x
3508;60;213;57; ;x
3509;115;0;231; ;x
3510;124;56;0; ;x
3511;27;168;8; ;x
3512;58;201;255; ;x
3513;211;66;191; ;x
3514;29;38;119; ;x
3515;151;83;185; ;x
3516;42;127;127; ;x
3517;69;201;255; ;x
3518;228;42;254; ;x
3519;218;32;228; ;x
3520;220;62;0; ;x
3521;39;68;126; ;x
3522;138;200;255; ;x
3523;236;46;40; ;x
3524;108;195;159; ;x
3525;52;251;255; ;x
3526;226;137;191; ;x
3527;208;115;2; ;x
3528;56;143;140; ;x
3529;38;226;36; ;x
3530;254;117;153; ;x
3531;84;236;87; ;x
3532;95;235;223; ;x
3533;92;59;238; ;x
3534;84;68;254; ;x
3535;196;254;53; ;x
3536;144;54;67; ;x
3537;80;32;127; ;x
3538;185;178;78; ;x
3539;200;166;29; ;x
3540;214;102;64; ;x
3541;91;187;223; ;x
3542;95;220;255; ;x
3543;208;145;79; ;x
3544;89;35;144; ;x
3545;210;54;127; ;x
3546;104;195;151; ;x
3547;212;70;0; ;x
3548;210;46;191; ;x
3549;200;38;172; ;x
3550;86;96;191; ;x
3551;91;112;0; ;x
3552;93;60;254; ;x
3553;140;254;107; ;x
3554;63;221;255; ;x
3555;225;129;254; ;x
3556;93;215;64; ;x
3557;227;153;64; ;x
3558;67;62;127; ;x
3559;25;201;255; ;x
3560;88;120;0; ;x
3561;0;38;254; ;x
3562;177;254;105; ;x
3563;226;141;0; ;x
3564;130;123;245; ;x
3565;64;32;64; ;x
3566;218;167;88; ;x
3567;153;12;26; ;x
3568;212;78;254; ;x
3569;121;200;255; ;x
3570;57;68;126; ;x
3571;85;76;191; ;x
3572;87;104;127; ;x
3573;40;46;10; ;x
3574;123;220;255; ;x
3575;142;75;75; ;x
3576;44;141;85; ;x
3577;17;79;169; ;x
3578;247;244;171; ;x
3579;51;254;40; ;x
3580;87;100;0; ;x
3581;57;171;32; ;x
3582;93;221;112; ;x
3583;109;202;255; ;x
3584;254;0;110; ;x
3585;26;139;126; ;x
3586;67;84;112; ;x
3587;98;135;127; ;x
3588;65;218;88; ;x
3589;84;56;191; ;x
3590;90;171;96; ;x
3591;201;66;151; ;x
3592;101;200;255; ;x
3593;95;84;64; ;x
3594;14;201;255; ;x
3595;222;76;248; ;x
3596;136;76;72; ;x
3597;225;126;127; ;x
3598;11;223;255; ;x
3599;109;0;247; ;x
3600;99;147;191; ;x
3601;184;74;79; ;x
3602;79;124;126; ;x
3603;27;221;255; ;x
3604;134;77;125; ;x
3605;213;86;191; ;x
3606;78;104;32; ;x
3607;220;58;191; ;x
3608;68;78;64; ;x
3609;85;72;64; ;x
3610;127;31;12; ;x
3611;99;139;254; ;x
3612;149;145;183; ;x
3613;121;225;255; ;x
3614;220;54;64; ;x
3615;76;118;154; ;x
3616;225;133;64; ;x
3617;218;210;163; ;x
3618;144;24;24; ;x
3619;26;151;32; ;x
3620;79;116;126; ;x
3621;184;70;172; ;x
3622;88;143;64; ;x
3623;212;74;127; ;x
3624;0;147;254; ;x
3625;45;117;59; ;x
3626;150;184;125; ;x
3627;130;197;119; ;x
3628;214;98;254; ;x
3629;64;44;159; ;x
3630;82;205;170; ;x
3631;98;127;191; ;x
3632;92;174;36; ;x
3633;79;245;239; ;x
3634;48;55;127; ;x
3635;93;56;127; ;x
3636;55;129;71; ;x
3637;143;37;37; ;x
3638;134;98;114; ;x
3639;226;149;254; ;x
3640;32;82;162; ;x
3641;33;197;151; ;x
3642;105;200;255; ;x
3643;181;254;0; ;x
3644;88;124;127; ;x
3645;213;94;127; ;x
3646;163;153;79; ;x
3647;44;213;56; ;x
3648;177;197;73; ;x
3649;0;36;254; ;x
3650;152;133;172; ;x
3651;207;129;79; ;x
3652;185;86;172; ;x
3653;222;86;127; ;x
3654;119;127;17; ;x
3655;86;88;254; ;x
3656;97;112;0; ;x
3657;107;217;111; ;x
3658;222;82;0; ;x
3659;216;126;191; ;x
3660;102;200;255; ;x
3661;36;151;32; ;x
3662;84;80;127; ;x
3663;36;155;126; ;x
3664;189;53;53; ;x
3665;215;122;64; ;x
3666;98;200;255; ;x
3667;69;225;255; ;x
3668;81;223;255; ;x
3669;219;50;254; ;x
3670;109;220;255; ;x
3671;252;254;157; ;x
3672;92;40;254; ;x
3673;53;203;105; ;x
3674;92;52;0; ;x
3675;124;63;62; ;x
3676;189;35;194; ;x
3677;86;92;64; ;x
3678;98;124;64; ;x
3679;238;203;148; ;x
3680;157;185;44; ;x
3681;107;222;255; ;x
3682;65;52;223; ;x
3683;78;100;126; ;x
3684;46;203;255; ;x
3685;106;200;255; ;x
3686;98;131;0; ;x
3687;29;0;255; ;x
3688;82;62;175; ;x
3689;169;83;124; ;x
3690;224;190;0; ;x
3691;104;142;106; ;x
3692;254;227;94; ;x
3693;240;206;128; ;x
3694;213;90;0; ;x
3695;207;137;79; ;x
3696;220;211;104; ;x
3697;145;81;81; ;x
3698;92;48;191; ;x
3699;237;253;147; ;x
3700;163;157;172; ;x
3701;162;149;172; ;x
3702;104;250;255; ;x
3703;40;251;255; ;x
3704;82;198;61; ;x
3705;219;42;0; ;x
3706;82;40;0; ;x
3707;90;147;254; ;x
3708;91;32;0; ;x
3709;207;10;167; ;x
3710;36;231;32; ;x
3711;200;218;43; ;x
3712;207;133;172; ;x
3713;119;220;255; ;x
3714;97;116;127; ;x
3715;90;139;0; ;x
3716;209;38;254; ;x
3717;96;96;127; ;x
3718;92;44;64; ;x
3719;108;252;255; ;x
3720;81;48;64; ;x
3721;25;0;255; ;x
3722;103;220;255; ;x
3723;95;88;191; ;x
3724;95;92;0; ;x
3725;38;104;109; ;x
3726;224;122;0; ;x
3727;1;203;255; ;x
3728;90;143;127; ;x
3729;72;251;255; ;x
3730;97;120;254; ;x
3731;103;0;243; ;x
3732;73;32;32; ;x
3733;118;202;255; ;x
3734;170;197;23; ;x
3735;172;66;32; ;x
3736;149;42;42; ;x
3737;97;200;255; ;x
3738;219;46;127; ;x
3739;65;46;175; ;x
3740;129;85;129; ;x
3741;215;67;200; ;x
3742;163;34;79; ;x
3743;17;201;255; ;x
3744;164;38;172; ;x
3745;37;239;32; ;x
3746;159;220;255; ;x
3747;222;94;64; ;x
3748;97;44;96; ;x
3749;232;215;92; ;x
3750;157;62;62; ;x
3751;184;51;51; ;x
3752;105;100;191; ;x
3753;134;83;197; ;x
3754;136;254;104; ;x
3755;45;107;40; ;x
3756;222;90;254; ;x
3757;205;102;172; ;x
3758;197;98;83; ;x
3759;254;102;79; ;x
3760;254;101;63; ;x
3761;53;254;77; ;x
3762;152;57;57; ;x
3763;130;100;35; ;x
3764;113;200;255; ;x
3765;36;36;126; ;x
3766;109;200;255; ;x
3767;112;250;255; ;x
3768;224;114;64; ;x
3769;104;16;91; ;x
3770;216;137;254; ;x
3771;93;107;37; ;x
3772;99;220;255; ;x
3773;217;141;64; ;x
3774;215;58;34; ;x
3775;72;32;16; ;x
3776;164;116;117; ;x
3777;215;49;157; ;x
3778;146;120;31; ;x
3779;184;196;39; ;x
3780;119;120;191; ;x
3781;89;135;191; ;x
3782;106;202;255; ;x
3783;254;140;71; ;x
3784;69;102;64; ;x
3785;53;167;140; ;x
3786;216;133;127; ;x
3787;216;129;0; ;x
3788;40;196;255; ;x
3789;89;131;64; ;x
3790;41;149;61; ;x
3791;241;225;255; ;x
3792;96;250;255; ;x
3793;89;127;254; ;x
3794;125;226;255; ;x
3795;205;106;79; ;x
3796;111;222;255; ;x
3797;35;147;126; ;x
3798;224;118;191; ;x
3799;121;54;54; ;x
3800;122;200;255; ;x
3801;120;250;255; ;x
3802;116;250;255; ;x
3803;111;220;255; ;x
3804;8;253;255; ;x
3805;42;201;255; ;x
3806;22;201;255; ;x
3807;9;203;255; ;x
3808;41;201;255; ;x
3809;129;64;29; ;x
3810;213;113;130; ;x
3811;21;117;104; ;x
3812;215;114;127; ;x
3813;221;70;254; ;x
3814;67;221;255; ;x
3815;79;129;125; ;x
3816;248;176;178; ;x
3817;16;251;255; ;x
3818;10;203;255; ;x
3819;107;220;255; ;x
3820;69;242;255; ;x
3821;221;225;255; ;x
